Date,AXISBANK.NS,HDFCBANK.NS,ICICIBANK.NS,KOTAKBANK.NS
2021-09-02,798.746337890625,743.4910888671875,697.5291137695312,353.36749267578125
2021-09-03,794.0695190429688,737.4318237304688,696.7115478515625,356.4408264160156
2021-09-06,796.8556518554688,732.5889892578125,693.6815185546875,352.99951171875
2021-09-07,783.9694213867188,734.2500610351562,689.5933837890625,351.0699768066406
2021-09-08,790.7857666015625,737.5955810546875,693.4891357421875,361.1156005859375
2021-09-09,786.2581787109375,733.9459228515625,692.8157958984375,361.6128845214844
2021-09-13,784.467041015625,727.83984375,680.4552612304688,366.0290222167969
2021-09-14,790.4873046875,724.5645751953125,680.5033569335938,371.5391540527344
2021-09-15,787.5020141601562,723.7457885742188,687.1405029296875,372.324951171875
2021-09-16,798.6468505859375,729.8985595703125,699.5010375976562,379.30712890625
2021-09-17,803.3734741210938,740.2860107421875,692.7195434570312,399.4282531738281
2021-09-20,791.9300537109375,729.8517456054688,682.956298828125,398.13525390625
2021-09-21,791.4325561523438,726.1553955078125,684.7357177734375,400.0249938964844
2021-09-22,784.467041015625,717.6162719726562,676.5594482421875,394.97235107421875
2021-09-23,808.1498413085938,734.6010131835938,689.6895751953125,402.6209716796875
2021-09-24,794.1192626953125,749.3632202148438,695.4129638671875,403.4365539550781
2021-09-27,793.0247192382812,760.3822631835938,702.1943969726562,404.4809265136719
2021-09-28,785.3128662109375,755.6798706054688,689.8338623046875,411.41339111328125
2021-09-29,778.2975463867188,745.7604370117188,682.4752197265625,403.9040222167969
2021-09-30,762.7743530273438,746.2750244140625,674.1546630859375,398.94091796875
2021-10-01,764.3665771484375,740.5433349609375,665.978515625,396.5637512207031
2021-10-04,775.1630859375,741.970458984375,673.5294799804688,396.04656982421875
2021-10-05,778.7453002929688,746.509033203125,670.5475463867188,394.3358154296875
2021-10-06,775.1133422851562,755.609619140625,663.2369995117188,389.04443359375
2021-10-07,773.2724609375,753.5509033203125,675.4532470703125,388.3879699707031
2021-10-08,778.0985717773438,749.8778686523438,676.607666015625,385.185302734375
2021-10-11,783.2730102539062,764.4530029296875,686.1304931640625,392.95330810546875
2021-10-12,793.2236938476562,762.4877319335938,681.6094970703125,396.8720703125
2021-10-13,790.6862182617188,767.0731811523438,682.9081420898438,399.70672607421875
2021-10-14,798.0995483398438,789.5323486328125,699.5972290039062,401.3876037597656
2021-10-18,809.2941284179688,781.53125,717.0559692382812,400.1543273925781
2021-10-19,797.7015380859375,790.1405639648438,718.9797973632812,404.87872314453125
2021-10-20,800.8359985351562,783.1923217773438,717.4406127929688,400.920166015625
2021-10-21,803.8211669921875,784.3385620117188,726.72314453125,426.4420471191406
2021-10-22,812.6773681640625,786.4207153320312,730.3782958984375,431.9422302246094
2021-10-25,840.9375,775.3081665039062,809.6397705078125,428.5804443359375
2021-10-26,837.7532958984375,773.319580078125,797.8082275390625,439.8096618652344
2021-10-27,783.6212158203125,768.6640625,803.1950073242188,435.2940673828125
2021-10-28,754.61474609375,745.6434326171875,768.2776489257812,417.44073486328125
2021-10-29,738.3453369140625,740.613525390625,771.5,404.0432434082031
2021-11-01,748.6443481445312,751.1177978515625,773.2796020507812,413.0644226074219
2021-11-02,752.1270751953125,751.7963256835938,770.4420166015625,413.09423828125
2021-11-03,746.9029541015625,739.9583129882812,756.0133056640625,405.31640625
2021-11-04,749.2413940429688,745.8072509765625,752.3099365234375,409.1854248046875
2021-11-08,747.3507080078125,748.7549438476562,750.4342041015625,421.4888000488281
2021-11-09,741.3803100585938,735.65380859375,756.5904541015625,417.1821594238281
2021-11-10,745.6591186523438,727.699462890625,751.15576171875,412.97491455078125
2021-11-11,734.414794921875,724.4476318359375,742.0655517578125,408.60858154296875
2021-11-12,732.4246215820312,726.646728515625,747.0193481445312,412.7063903808594
2021-11-15,729.638427734375,728.6353149414062,743.8451538085938,417.2020263671875
2021-11-16,722.5734252929688,724.3073120117188,734.9474487304688,414.32763671875
2021-11-17,708.84130859375,716.25927734375,732.3021850585938,408.40960693359375
2021-11-18,702.8709106445312,720.2833862304688,733.84130859375,402.71051025390625
2021-11-22,683.0192260742188,709.0302734375,723.3563842773438,388.9847412109375
2021-11-23,682.2728881835938,709.1239624023438,723.2120971679688,394.4451599121094
2021-11-24,681.775390625,710.2937622070312,731.244140625,400.1145324707031
2021-11-25,676.5512084960938,713.9900512695312,722.4425659179688,404.8289794921875
2021-11-26,658.4905395507812,697.1221923828125,694.6915283203125,390.7452087402344
2021-11-29,647.8930053710938,702.4329833984375,691.0362548828125,401.7456970214844
2021-11-30,652.420654296875,698.8302001953125,687.1405029296875,390.2677917480469
2021-12-01,676.2525634765625,704.0238037109375,699.9819946289062,388.5670471191406
2021-12-02,672.7698974609375,713.896484375,694.8839721679688,390.7353210449219
2021-12-03,669.6851196289062,708.1881713867188,689.0161743164062,380.7792053222656
2021-12-06,659.833984375,703.6260986328125,682.5233764648438,375.01043701171875
2021-12-07,683.6162109375,713.8731079101562,706.6672973632812,385.3444519042969
2021-12-08,693.6664428710938,727.0211181640625,724.7030639648438,382.0224609375
2021-12-09,690.5320434570312,714.4111328125,726.2421875,381.20684814453125
2021-12-10,684.6610107421875,712.399169921875,729.1278686523438,377.3079528808594
2021-12-13,700.532470703125,707.0651245117188,725.2802734375,372.6034240722656
2021-12-14,707.3985595703125,702.9944458007812,729.753173828125,366.0986328125
2021-12-15,708.9906005859375,701.8480834960938,723.5968627929688,371.4695129394531
2021-12-16,706.1546630859375,701.8948974609375,712.9197998046875,370.1466979980469
2021-12-17,685.5068969726562,689.2382202148438,700.5592041015625,356.82879638671875
2021-12-20,671.028564453125,667.0598754882812,682.9081420898438,346.6240234375
2021-12-21,662.5703125,674.6163940429688,692.9119262695312,345.4404296875
2021-12-22,666.0530395507812,676.2072143554688,704.8877563476562,350.5826110839844
2021-12-23,675.4566650390625,675.6924438476562,703.44482421875,353.2083740234375
2021-12-24,664.2122192382812,673.259521484375,699.4048461914062,347.7976379394531
2021-12-27,668.8394165039062,678.8275146484375,707.9658813476562,352.7806701660156
2021-12-28,672.1231689453125,683.5064697265625,707.7734985351562,353.06915283203125
2021-12-29,667.197509765625,680.2545166015625,707.6773071289062,350.940673828125
2021-12-30,665.5556030273438,683.8339233398438,707.6773071289062,349.1602478027344
2021-12-31,675.2078247070312,692.20947265625,711.957763671875,357.28631591796875
2022-01-03,692.920166015625,711.0422973632812,735.57275390625,362.92584228515625
2022-01-04,705.6571655273438,715.2066040039062,743.4122924804688,368.5255126953125
2022-01-05,723.3197021484375,732.1912841796875,758.0332641601562,382.3606262207031
2022-01-06,726.7029418945312,720.4470825195312,755.1475219726562,376.3431701660156
2022-01-07,727.00146484375,725.5003051757812,763.0352172851562,378.7998962402344
2022-01-10,739.141357421875,729.5243530273438,779.86865234375,387.4928283691406
2022-01-11,739.5891723632812,732.6826171875,779.7723999023438,385.2748107910156
2022-01-12,743.17138671875,728.3545532226562,792.3734741210938,389.2135009765625
2022-01-13,737.0517578125,714.9492797851562,793.2872924804688,383.1960754394531
2022-01-14,718.1453247070312,722.9737548828125,788.766357421875,385.5533142089844
2022-01-17,709.139892578125,711.9078979492188,788.093017578125,385.4041442871094
2022-01-18,721.6281127929688,715.5341186523438,791.7482299804688,386.3390808105469
2022-01-19,726.00634765625,710.4807739257812,777.800537109375,379.078369140625
2022-01-20,725.3098754882812,706.0592041015625,779.3876953125,376.482421875
2022-01-21,708.9906005859375,711.9546508789062,773.856689453125,376.711181640625
2022-01-24,701.1295166015625,695.6016235351562,768.0372314453125,364.2088317871094
2022-01-25,748.4951171875,696.2567749023438,771.1152954101562,368.93328857421875
2022-01-27,770.0384521484375,690.127197265625,764.3818969726562,375.8160705566406
2022-01-28,760.9335327148438,684.6527709960938,751.3961791992188,377.61627197265625
2022-01-31,769.2423706054688,695.1572265625,758.7547607421875,369.4504699707031
2022-02-01,778.048828125,700.4443969726562,779.435791015625,374.4335021972656
2022-02-02,800.1394653320312,716.4464721679688,782.7543334960938,386.4285888671875
2022-02-03,795.61181640625,709.0302734375,778.13720703125,379.7547302246094
2022-02-04,794.61669921875,713.0776977539062,774.3858032226562,374.81146240234375
2022-02-07,785.7108154296875,686.945556640625,756.4461669921875,363.7215270996094
2022-02-08,794.61669921875,683.9977416992188,762.3137817382812,361.6029357910156
2022-02-09,799.890625,700.7251586914062,772.2213745117188,365.0244445800781
2022-02-10,805.8113403320312,713.5923461914062,774.818603515625,371.42974853515625
2022-02-11,799.8409423828125,710.6679077148438,760.6785278320312,363.6816711425781
2022-02-14,769.5408935546875,689.5422973632812,724.9916381835938,347.48931884765625
2022-02-15,793.0247192382812,710.1766967773438,746.4903564453125,360.6679992675781
2022-02-16,793.1242065429688,709.2174682617188,734.9474487304688,364.039794921875
2022-02-17,778.9443969726562,704.889404296875,721.7692260742188,361.50347900390625
2022-02-18,783.5217895507812,707.6265869140625,720.37451171875,363.3435363769531
2022-02-21,784.9646606445312,712.1886596679688,725.7130737304688,363.4529724121094
2022-02-22,775.3124389648438,706.8545532226562,722.6830444335938,366.3671569824219
2022-02-23,773.3718872070312,702.2692260742188,716.2382202148438,375.1894226074219
2022-02-24,726.7029418945312,664.135498046875,680.4552612304688,357.0376892089844
2022-02-25,754.3162841796875,681.307373046875,702.2424926757812,369.3410949707031
2022-02-28,738.7433471679688,667.340576171875,714.41064453125,366.5660705566406
2022-03-02,746.5546264648438,643.0098266601562,687.6213989257812,359.25567626953125
2022-03-03,734.0167846679688,641.4891357421875,671.7018432617188,356.5204772949219
2022-03-04,711.4783325195312,639.3836059570312,661.84228515625,348.5436096191406
2022-03-07,664.2620239257812,619.8722534179688,628.8488159179688,340.5369873046875
2022-03-08,667.0980224609375,621.2760009765625,639.6702880859375,342.7649230957031
2022-03-09,670.8792724609375,641.5593872070312,642.0269165039062,345.94769287109375
2022-03-10,691.5270385742188,651.6425170898438,650.828369140625,348.98126220703125
2022-03-11,687.4472045898438,653.5609741210938,652.0789184570312,350.70196533203125
2022-03-14,706.5526733398438,674.96728515625,669.6337890625,355.8242492675781
2022-03-15,694.7113647460938,666.287841796875,670.7880249023438,344.8834228515625
2022-03-16,720.2847290039062,677.5875244140625,681.0323486328125,350.20465087890625
2022-03-17,735.60888671875,692.5135498046875,692.67138671875,362.0406188964844
2022-03-21,722.32470703125,695.5313720703125,683.6776123046875,353.5067443847656
2022-03-22,727.797607421875,699.11083984375,690.8438110351562,359.6236877441406
2022-03-23,723.17041015625,692.1392822265625,690.9400634765625,352.044677734375
2022-03-24,718.6925659179688,675.0140991210938,677.3770751953125,340.98455810546875
2022-03-25,717.697509765625,669.5162353515625,672.6156616210938,342.5958557128906
2022-03-28,732.3748168945312,670.4052124023438,683.2928466796875,343.1826171875
2022-03-29,734.166015625,679.2952880859375,688.0543212890625,344.137451171875
2022-03-30,746.7537841796875,691.0630493164062,703.0601806640625,350.7218322753906
2022-03-31,757.4010009765625,687.974853515625,702.4829711914062,348.8818054199219
2022-04-01,770.7349243164062,704.6554565429688,708.2063598632812,353.417236328125
2022-04-04,780.2379760742188,775.214599609375,718.162109375,365.2332763671875
2022-04-05,779.242919921875,752.4981079101562,713.5449829101562,358.499755859375
2022-04-06,769.88916015625,725.6406860351562,713.3526000976562,353.9642639160156
2022-04-07,788.1985473632812,709.6853637695312,720.0379028320312,351.38824462890625
2022-04-08,790.9847412109375,708.7027587890625,725.56884765625,354.9787902832031
2022-04-11,782.1783447265625,700.0467529296875,730.6669311523438,354.76995849609375
2022-04-12,794.517333984375,698.8067626953125,734.7550659179688,358.43011474609375
2022-04-13,789.1438598632812,685.4481811523438,733.2160034179688,354.00408935546875
2022-04-18,794.915283203125,652.9292602539062,728.9354858398438,348.1955261230469
2022-04-19,793.8704833984375,628.0136108398438,737.1116943359375,339.6617431640625
2022-04-20,790.7857666015625,633.6752319335938,726.7711791992188,342.4068603515625
2022-04-21,797.8507690429688,643.056640625,733.312255859375,350.2742614746094
2022-04-22,776.7551879882812,634.283447265625,719.172119140625,343.68988037109375
2022-04-25,776.854736328125,639.0326538085938,723.548828125,343.9087219238281
2022-04-26,771.1828002929688,641.9804077148438,725.039794921875,346.663818359375
2022-04-27,762.1276245117188,642.21435546875,708.6392211914062,346.4250793457031
2022-04-28,775.9591674804688,641.6528930664062,718.691162109375,351.22906494140625
2022-04-29,725.0113525390625,647.8525390625,714.98779296875,356.2220764160156
2022-05-02,723.7674560546875,656.7894287109375,712.7754516601562,352.959716796875
2022-05-04,703.7167358398438,634.470703125,696.6635131835938,353.2083740234375
2022-05-05,698.8905639648438,633.0435180664062,701.0401000976562,357.5846862792969
2022-05-06,670.083251953125,616.5033569335938,691.8538818359375,353.1487121582031
2022-05-09,660.4310302734375,617.5560913085938,683.2928466796875,351.5970764160156
2022-05-10,656.5004272460938,627.4756469726562,684.2066650390625,357.49517822265625
2022-05-11,669.0383911132812,631.0081787109375,686.9961547851562,360.0414123535156
2022-05-12,646.4501342773438,616.7843627929688,669.2969970703125,350.2842102050781
2022-05-13,632.817626953125,611.2462768554688,651.5498046875,353.9941711425781
2022-05-16,635.8029174804688,617.754638671875,656.984619140625,360.6182861328125
2022-05-17,651.7240600585938,621.9674682617188,682.956298828125,366.0787048339844
2022-05-18,656.2020263671875,621.920166015625,680.4071044921875,367.3716735839844
2022-05-19,646.9974975585938,609.2109985351562,664.0065307617188,354.7599792480469
2022-05-20,669.78466796875,625.257080078125,682.5233764648438,363.8607177734375
2022-05-23,672.0236206054688,617.234130859375,683.9662475585938,368.8636474609375
2022-05-24,660.7792358398438,624.3104248046875,681.1766967773438,374.4931945800781
2022-05-25,661.7245483398438,628.9729614257812,686.1785278320312,379.4563293457031
2022-05-26,679.8846435546875,646.9124145507812,700.7516479492188,379.6751403808594
2022-05-27,684.9098510742188,658.9114990234375,711.6211547851562,387.14471435546875
2022-05-30,690.2335205078125,663.4083251953125,719.98974609375,378.591064453125
2022-05-31,681.8251342773438,657.4441528320312,724.1740112304688,367.38165283203125
2022-06-01,682.6708374023438,660.2369384765625,723.981689453125,371.0120544433594
2022-06-02,688.1438598632812,655.6217651367188,721.192138671875,369.5300598144531
2022-06-03,673.9639282226562,653.349853515625,715.9497680664062,369.72900390625
2022-06-06,668.88916015625,652.47412109375,718.306396484375,371.8475036621094
2022-06-07,662.5703125,644.9716796875,707.2444458007812,369.6295166015625
2022-06-08,655.3560791015625,647.24365234375,701.7134399414062,367.1131591796875
2022-06-09,658.0428466796875,652.1190795898438,704.8396606445312,371.03192138671875
2022-06-10,657.4457397460938,639.5283203125,692.5753784179688,356.43096923828125
2022-06-13,645.753662109375,627.9315185546875,661.7941284179688,345.599609375
2022-06-14,647.5447387695312,621.020751953125,659.3894653320312,346.0670166015625
2022-06-15,647.2959594726562,618.8670043945312,661.07275390625,345.4603271484375
2022-06-16,631.7728881835938,606.4892578125,652.6560668945312,333.3558349609375
2022-06-17,632.0714111328125,610.4889526367188,660.68798828125,332.9181823730469
2022-06-20,625.205322265625,625.8251953125,659.822265625,334.03216552734375
2022-06-21,633.3649291992188,632.6412353515625,669.5856323242188,334.48968505859375
2022-06-22,623.7127075195312,629.6593017578125,660.447509765625,332.14239501953125
2022-06-23,626.2501831054688,631.9785766601562,672.51953125,335.0069274902344
2022-06-24,630.8773193359375,640.806396484375,686.2747802734375,337.85150146484375
2022-06-27,633.9619750976562,641.966064453125,690.0262451171875,336.4888610839844
2022-06-28,639.1860961914062,637.0670166015625,683.2447509765625,331.9633483886719
2022-06-29,622.4689331054688,636.1439208984375,675.9822998046875,326.72174072265625
2022-06-30,633.6635131835938,638.0609741210938,680.2628784179688,330.431640625
2022-07-01,640.7783203125,640.7826538085938,677.0885620117188,331.7544860839844
2022-07-04,651.1270141601562,641.6820068359375,692.67138671875,332.381103515625
2022-07-05,645.3058471679688,640.23828125,692.0462646484375,330.819580078125
2022-07-06,654.7093505859375,649.0661010742188,698.2987060546875,339.0649108886719
2022-07-07,655.9052124023438,660.6865844726562,713.7373046875,345.8283386230469
2022-07-08,666.8677368164062,661.3018798828125,726.91552734375,347.07159423828125
2022-07-11,677.5311279296875,665.5856323242188,740.1898803710938,346.3753967285156
2022-07-12,673.8936157226562,658.7932739257812,730.9555053710938,341.93939208984375
2022-07-13,677.5810546875,642.7233276367188,724.5106811523438,346.5345153808594
2022-07-14,665.9707641601562,639.5046997070312,723.7412719726562,352.1044006347656
2022-07-15,659.94140625,644.71142578125,722.5868530273438,355.6153869628906
2022-07-18,682.165283203125,637.8480224609375,742.5946044921875,367.1429748535156
2022-07-19,698.2103271484375,638.0845947265625,750.9151000976562,365.01446533203125
2022-07-20,703.2930297851562,646.13134765625,753.2717895507812,363.58221435546875
2022-07-21,713.109375,644.0960693359375,756.0614624023438,358.1714782714844
2022-07-22,728.2576293945312,659.12451171875,769.5762329101562,363.4529724121094
2022-07-25,724.8692016601562,661.0652465820312,770.3938598632812,357.1768798828125
2022-07-26,704.04052734375,659.7161865234375,765.968994140625,350.4234619140625
2022-07-27,716.4978637695312,664.75732421875,770.0090942382812,348.9315490722656
2022-07-28,723.4241943359375,670.6503295898438,783.572021484375,363.7314453125
2022-07-29,722.2780151367188,678.86279296875,787.419677734375,360.1210021972656
2022-08-01,728.307373046875,684.5191650390625,792.0368041992188,369.1520690917969
2022-08-02,727.9586181640625,676.9931030273438,786.60205078125,374.8910827636719
2022-08-03,728.0084838867188,678.5787353515625,793.3834838867188,368.22711181640625
2022-08-04,719.1387939453125,677.7741088867188,789.0068359375,365.13385009765625
2022-08-05,726.0152587890625,675.4783325195312,806.2731323242188,364.8056335449219
2022-08-08,743.007080078125,692.0452880859375,809.9019165039062,366.9142150878906
2022-08-10,736.4794921875,694.0570068359375,821.320556640625,363.7016296386719
2022-08-11,756.26171875,703.23974609375,831.9166870117188,368.9264831542969
2022-08-12,757.9559326171875,702.9794311523438,846.1416015625,366.4782409667969
2022-08-16,762.0419921875,711.0262451171875,850.8348388671875,367.5033264160156
2022-08-17,769.4664916992188,714.6945190429688,854.70556640625,366.1796875
2022-08-18,762.4406127929688,715.5465087890625,856.4957885742188,379.07769775390625
2022-08-19,754.9163208007812,706.7188110351562,842.2708740234375,373.60400390625
2022-08-22,739.3197631835938,695.9739990234375,824.7073974609375,364.65704345703125
2022-08-23,744.501953125,693.8203125,835.98095703125,369.37432861328125
2022-08-24,747.5914306640625,697.1573486328125,845.0770874023438,371.73297119140625
2022-08-25,740.8145751953125,693.37060546875,844.1577758789062,371.9618835449219
2022-08-26,742.359375,693.4889526367188,842.706298828125,378.59002685546875
2022-08-29,726.214599609375,681.3241577148438,828.1911010742188,368.22979736328125
2022-08-30,748.936767578125,703.4290771484375,858.624755859375,381.2572021484375
2022-09-01,741.6119384765625,696.8260498046875,846.0932006835938,378.7492370605469
2022-09-02,747.6412353515625,703.1450805664062,844.2062377929688,381.9339294433594
2022-09-05,753.5211181640625,707.6654663085938,853.9315185546875,385.7257385253906
2022-09-06,747.44189453125,704.9674072265625,855.0927124023438,381.3069763183594
2022-09-07,752.8235473632812,701.6304321289062,847.8834838867188,379.8240966796875
2022-09-08,777.0903930664062,708.8724365234375,869.7530517578125,384.1632385253906
2022-09-09,782.1730346679688,709.3458251953125,872.1239013671875,383.4267578125
2022-09-12,798.2680053710938,706.9554443359375,877.8816528320312,382.9590148925781
2022-09-13,802.802490234375,716.209228515625,880.5911865234375,382.839599609375
2022-09-14,800.3109741210938,723.5696411132812,888.4293212890625,389.0696716308594
2022-09-15,787.3054809570312,719.8065795898438,887.9454345703125,384.9792785644531
2022-09-16,786.60791015625,706.5767822265625,879.72021484375,384.2129821777344
2022-09-19,795.3778686523438,711.2391967773438,870.14013671875,384.0537414550781
2022-09-20,809.9778442382812,719.8065795898438,887.1229858398438,386.0939636230469
2022-09-21,803.799072265625,718.6942749023438,885.6714477539062,381.8642883300781
2022-09-22,786.5082397460938,703.3818359375,874.2044677734375,376.7389221191406
2022-09-23,765.978515625,684.5191650390625,853.7379150390625,370.7576904296875
2022-09-26,740.067138671875,675.2890625,833.2230224609375,364.0499267578125
2022-09-27,734.9845581054688,669.2303466796875,824.9977416992188,358.1383056640625
2022-09-28,714.0064086914062,657.7282104492188,822.04638671875,356.80474853515625
2022-09-29,716.5476684570312,654.3201293945312,816.6273193359375,351.370849609375
2022-09-30,730.6992797851562,672.7803344726562,834.1423950195312,362.0992736816406
2022-10-03,720.284912109375,668.922607421875,820.9334106445312,355.0730895996094
2022-10-04,740.2665405273438,687.7615966796875,839.6097412109375,362.7063903808594
2022-10-06,752.5245361328125,680.1881713867188,856.83447265625,362.03961181640625
2022-10-07,753.1224365234375,677.25341796875,854.0282592773438,363.3333740234375
2022-10-10,774.2003784179688,669.774658203125,853.2540893554688,359.9197998046875
2022-10-11,782.8706665039062,662.9822998046875,842.4644165039062,355.8692626953125
2022-10-12,805.9417114257812,667.3133544921875,840.2871704101562,360.30792236328125
2022-10-13,799.2645874023438,659.645263671875,826.0137939453125,358.57623291015625
2022-10-14,797.7697143554688,681.1348266601562,842.125732421875,365.0451354980469
2022-10-17,811.3731689453125,684.70849609375,856.592529296875,369.85205078125
2022-10-18,813.5656127929688,683.4304809570312,867.9144897460938,370.1605529785156
2022-10-19,827.0195922851562,690.4359741210938,863.26953125,372.0813293457031
2022-10-20,823.033203125,685.7735595703125,859.9310913085938,370.9268493652344
2022-10-21,897.3289794921875,680.9454345703125,877.833251953125,378.70947265625
2022-10-24,906.34814453125,691.5718994140625,896.3643188476562,377.34600830078125
2022-10-25,899.7705688476562,686.7675170898438,895.1546630859375,367.5531005859375
2022-10-27,912.0286865234375,688.4241943359375,894.5257568359375,371.2154846191406
2022-10-28,899.9698486328125,690.4595947265625,878.5106201171875,375.0470886230469
2022-10-31,902.9098510742188,708.4464111328125,879.3331909179688,378.57012939453125
2022-11-01,868.7766723632812,716.2802124023438,879.2363891601562,380.0131530761719
2022-11-02,860.6046142578125,716.7298583984375,875.46240234375,380.1624450683594
2022-11-03,861.1029663085938,713.5821533203125,879.2847900390625,378.21185302734375
2022-11-04,865.1390991210938,708.6594848632812,876.0430297851562,378.1720275878906
2022-11-07,869.97265625,714.1738891601562,887.8486938476562,374.7186279296875
2022-11-09,870.719970703125,713.9608154296875,881.074951171875,376.8682861328125
2022-11-10,840.822265625,721.7236328125,881.2684936523438,380.600341796875
2022-11-11,847.7984619140625,762.6201171875,877.2526245117188,378.00286865234375
2022-11-14,848.0973510742188,764.4661865234375,866.0275268554688,382.7201843261719
2022-11-15,855.721435546875,766.3358764648438,882.2362060546875,380.650146484375
2022-11-16,852.4824829101562,772.9152221679688,884.0747680664062,391.2989196777344
2022-11-17,855.2728881835938,765.9335327148438,890.074462890625,388.2436218261719
2022-11-18,856.26953125,763.921875,890.6065673828125,390.0350036621094
2022-11-21,867.0823974609375,756.0880126953125,891.6226806640625,386.95977783203125
2022-11-22,867.0823974609375,754.9756469726562,893.848388671875,386.0939636230469
2022-11-23,871.7166748046875,756.9400634765625,897.4772338867188,388.80096435546875
2022-11-24,875.5534057617188,769.2469482421875,908.5087890625,387.10906982421875
2022-11-25,884.7221069335938,765.6968383789062,900.2350463867188,383.8348388671875
2022-11-28,888.6586303710938,757.4607543945312,907.1056518554688,383.7850646972656
2022-11-29,889.5057373046875,756.32470703125,916.1535034179688,383.26751708984375
2022-11-30,898.176025390625,761.3419799804688,922.104736328125,387.5469665527344
2022-12-01,900.7671508789062,766.5724487304688,909.8151245117188,385.0091247558594
2022-12-02,902.0628051757812,760.703125,900.5252685546875,384.31256103515625
2022-12-05,896.133056640625,763.4721069335938,903.4284057617188,385.835205078125
2022-12-06,901.564453125,762.6201171875,892.8323364257812,385.1982727050781
2022-12-07,911.5303344726562,762.288818359375,892.3485107421875,380.4610290527344
2022-12-08,936.1461181640625,766.5724487304688,901.7833251953125,377.5848388671875
2022-12-09,930.515380859375,772.0396118164062,899.8480224609375,375.80340576171875
2022-12-12,935.4485473632812,778.051025390625,900.2350463867188,371.36474609375
2022-12-13,941.378173828125,780.2046508789062,902.7994384765625,371.9121398925781
2022-12-14,939.1857299804688,786.8077392578125,891.9613647460938,372.84765625
2022-12-15,934.9501953125,772.3945922851562,879.4298095703125,370.85723876953125
2022-12-16,931.9105834960938,776.1102905273438,872.8496704101562,366.348876953125
2022-12-19,942.9727783203125,778.5243530273438,877.1558837890625,369.85205078125
2022-12-20,946.5106201171875,773.1519775390625,880.30078125,367.6526184082031
2022-12-21,929.1201782226562,765.673095703125,863.4147338867188,361.1837158203125
2022-12-22,916.4136352539062,763.0460815429688,861.866455078125,363.4627380371094
2022-12-23,903.5078125,756.2300415039062,850.4962158203125,362.6466979980469
2022-12-26,925.532470703125,771.2821655273438,864.3340454101562,360.9747009277344
2022-12-27,929.0205078125,772.063232421875,871.5432739257812,362.43768310546875
2022-12-28,921.5460815429688,771.4478759765625,869.898193359375,362.2784423828125
2022-12-29,931.3624267578125,776.8912353515625,878.7041015625,362.00970458984375
2022-12-30,930.565185546875,770.6668701171875,862.0599365234375,363.7016296386719
2023-01-02,938.388427734375,770.9271850585938,873.2850952148438,363.263671875
2023-01-03,959.0178833007812,775.96826171875,872.2206420898438,364.8162536621094
2023-01-04,954.1844482421875,762.0994873046875,870.0433349609375,362.4078369140625
2023-01-05,946.3112182617188,757.2003784179688,850.7381591796875,362.3182373046875
2023-01-06,936.6942749023438,754.6917114257812,841.9805908203125,355.6502685546875
2023-01-09,955.47998046875,756.1589965820312,845.12548828125,360.6462707519531
2023-01-10,948.9025268554688,742.3375854492188,833.5133056640625,357.39190673828125
2023-01-11,946.5106201171875,753.0349731445312,838.3034057617188,358.6459045410156
2023-01-12,932.3590698242188,757.0584106445312,832.8359985351562,354.197265625
2023-01-13,930.9638671875,757.6500854492188,845.2222900390625,354.3564758300781
2023-01-16,910.0354614257812,750.38427734375,837.287353515625,355.252197265625
2023-01-17,914.5699462890625,761.5550537109375,837.1905517578125,357.8099365234375
2023-01-18,920.848388671875,774.9979248046875,841.3999633789062,358.0985412597656
2023-01-19,925.532470703125,778.2166137695312,838.158203125,351.76898193359375
2023-01-20,927.3761596679688,786.1923828125,842.2224731445312,350.89312744140625
2023-01-23,929.5188598632812,791.9434814453125,843.5288696289062,355.043212890625
2023-01-24,907.0955200195312,802.5462646484375,842.6095581054688,350.36566162109375
2023-01-25,889.306396484375,780.370361328125,827.6588134765625,348.28570556640625
2023-01-27,870.7698364257812,764.8211669921875,790.7901611328125,340.9808349609375
2023-01-30,868.8762817382812,764.0402221679688,796.886474609375,343.5982666015625
2023-01-31,868.627197265625,758.9990844726562,805.0151977539062,344.543701171875
2023-02-01,854.3261108398438,770.3829345703125,820.54638671875,347.2705993652344
2023-02-02,865.4879760742188,758.9281005859375,830.1748657226562,350.66424560546875
2023-02-03,879.5896606445312,785.1747436523438,835.8841552734375,354.3564758300781
2023-02-06,879.6395263671875,781.8377075195312,826.110595703125,347.7283630371094
2023-02-07,876.1015625,782.997314453125,825.1912841796875,353.3811950683594
2023-02-08,868.7766723632812,782.9026489257812,831.3359985351562,351.41070556640625
2023-02-09,864.7405395507812,781.2696533203125,832.9810791015625,352.4855041503906
2023-02-10,864.2919921875,784.3700561523438,826.2557373046875,352.7144470214844
2023-02-13,856.1697387695312,784.961669921875,823.1591796875,353.062744140625
2023-02-14,867.7800903320312,792.2274780273438,837.335693359375,352.37603759765625
2023-02-15,865.3384399414062,790.6182250976562,842.657958984375,355.39154052734375
2023-02-16,861.800537109375,787.7545166015625,841.3515625,355.8791809082031
2023-02-17,851.984130859375,783.8021240234375,834.7714233398438,350.1666564941406
2023-02-20,843.8619384765625,776.4415893554688,824.562255859375,345.7976379394531
2023-02-21,841.1712036132812,779.3526000976562,826.5944213867188,344.38446044921875
2023-02-22,830.5076293945312,764.0637817382812,812.1275634765625,338.4828186035156
2023-02-23,841.4700927734375,758.8807983398438,812.6114501953125,339.7964782714844
2023-02-24,848.49609375,752.1119384765625,812.5630493164062,337.8359680175781
2023-02-27,851.43603515625,753.981689453125,828.723388671875,343.53851318359375
2023-02-28,841.220947265625,757.1530151367188,827.2233276367188,344.19537353515625
2023-03-01,862.19921875,756.41943359375,828.6265869140625,347.3103942871094
2023-03-02,842.5663452148438,749.98193359375,826.4008178710938,342.6925964355469
2023-03-03,849.7418212890625,764.8684692382812,840.480712890625,348.5245666503906
2023-03-06,856.5684814453125,770.2645263671875,839.7064819335938,348.5245666503906
2023-03-08,858.0134887695312,771.8028564453125,843.9158935546875,346.3748779296875
2023-03-09,864.8402099609375,771.8739013671875,828.2879638671875,341.6973571777344
2023-03-10,848.994384765625,751.9700317382812,815.417724609375,338.2340393066406
2023-03-13,829.510986328125,742.4559326171875,801.6282348632812,333.1783447265625
2023-03-14,830.0093383789062,740.4677734375,803.51513671875,328.0728759765625
2023-03-15,821.2393798828125,729.8414306640625,799.2090454101562,331.595947265625
2023-03-16,827.7171630859375,734.5747680664062,797.2737426757812,331.11822509765625
2023-03-17,834.5439453125,744.3966064453125,809.2244873046875,336.99993896484375
2023-03-20,834.6932983398438,739.2371215820312,809.4180908203125,338.3036804199219
2023-03-21,852.6817016601562,747.615234375,824.8526611328125,339.7367858886719
2023-03-22,846.7520141601562,745.8876342773438,832.4005126953125,339.3984375
2023-03-23,845.9049072265625,739.8998413085938,827.8040161132812,334.332763671875
2023-03-24,837.0353393554688,738.7164916992188,824.8526611328125,336.81085205078125
2023-03-27,830.5076293945312,741.9351806640625,821.2721557617188,339.40838623046875
2023-03-28,829.6107177734375,747.9701538085938,827.126708984375,338.1544189453125
2023-03-29,839.72607421875,751.5676879882812,823.4978637695312,342.5632019042969
2023-03-31,855.5718994140625,761.8628540039062,848.8995361328125,344.9119567871094
2023-04-03,861.6510009765625,762.336181640625,855.2378540039062,347.46966552734375
2023-04-05,857.5651245117188,782.7843017578125,856.011962890625,348.70367431640625
2023-04-06,849.044189453125,788.7484130859375,846.7222290039062,349.7387390136719
2023-04-10,844.4597778320312,785.0090942382812,840.3839721679688,350.1766357421875
2023-04-11,850.3895263671875,787.3047485351562,853.3992919921875,367.5331726074219
2023-04-12,848.1473388671875,797.5289306640625,861.3826293945312,367.0455017089844
2023-04-13,861.40185546875,801.1024780273438,869.946533203125,372.11114501953125
2023-04-17,861.6011962890625,788.8904418945312,872.1723022460938,377.21661376953125
2023-04-18,860.4053344726562,785.5533447265625,867.8660278320312,375.8531799316406
2023-04-19,870.4210205078125,788.4407958984375,863.0761108398438,375.1764221191406
2023-04-20,865.7869262695312,791.37548828125,865.4953002929688,374.9972839355469
2023-04-21,861.25244140625,792.6534423828125,857.0280151367188,376.9180908203125
2023-04-24,879.2907104492188,799.0672607421875,875.5107421875,377.6346130371094
2023-04-25,875.3541870117188,787.7070922851562,883.9296264648438,376.05218505859375
2023-04-26,884.6224365234375,791.3280639648438,885.3811645507812,373.9224548339844
2023-04-27,878.393798828125,795.6828002929688,888.6712036132812,379.8937683105469
2023-04-28,857.0667724609375,798.8069458007812,887.9939575195312,385.75555419921875
2023-05-02,867.6804809570312,798.6411743164062,892.2999877929688,382.3917541503906
2023-05-03,856.9172973632812,801.4339599609375,893.0258178710938,384.3423767089844
2023-05-04,862.9965209960938,817.8350830078125,891.9130249023438,387.6564025878906
2023-05-05,862.3486938476562,769.4835815429688,896.9933471679688,383.8945007324219
2023-05-08,875.4537963867188,778.3822021484375,907.5894165039062,389.8956604003906
2023-05-09,885.2203979492188,778.4059448242188,904.20263671875,388.9900207519531
2023-05-10,886.8648071289062,782.0032958984375,905.7992553710938,389.8658142089844
2023-05-11,892.8941650390625,782.5239868164062,908.847412109375,389.716552734375
2023-05-12,907.5440673828125,789.434814453125,913.3955078125,390.2439880371094
2023-05-15,912.6764526367188,793.2215576171875,915.185791015625,392.712158203125
2023-05-16,914.6696166992188,788.6732177734375,915.766357421875,387.5469665527344
2023-05-17,911.6798095703125,784.4360961914062,908.9926147460938,380.00323486328125
2023-05-18,911.5802612304688,787.572021484375,915.9114990234375,383.6357727050781
2023-05-19,920.8983154296875,788.4817504882812,923.45947265625,386.47210693359375
2023-05-22,914.4204711914062,785.6809692382812,919.6370239257812,386.18353271484375
2023-05-23,913.0252075195312,783.837646484375,922.5885620117188,382.4613952636719
2023-05-24,914.5699462890625,773.592041015625,910.2506103515625,380.2420959472656
2023-05-25,917.908447265625,770.6236572265625,909.4764404296875,384.143310546875
2023-05-26,923.7883911132812,773.592041015625,919.9757690429688,387.14886474609375
2023-05-29,926.6286010742188,783.0237426757812,917.5081787109375,388.7710876464844
2023-05-30,934.2526245117188,783.6221923828125,919.25,393.0505065917969
2023-05-31,911.7296752929688,771.22216796875,918.4758911132812,400.94256591796875
2023-06-01,916.5631713867188,767.9425659179688,905.8475952148438,384.1632385253906
2023-06-02,922.9412841796875,769.1395263671875,907.8314208984375,385.8948974609375
2023-06-05,947.6068725585938,768.1340942382812,916.1535034179688,383.13818359375
2023-06-06,964.8976440429688,765.740234375,911.6536865234375,389.9355163574219
2023-06-07,973.4185791015625,769.7139892578125,909.8151245117188,386.0243225097656
2023-06-08,958.8184814453125,770.1926879882812,907.5894165039062,375.494873046875
2023-06-09,971.4254150390625,771.1024169921875,907.7345581054688,372.6087951660156
2023-06-12,970.8773193359375,766.4105224609375,905.7024536132812,374.0916442871094
2023-06-13,982.4874877929688,767.7031860351562,913.0567626953125,369.41412353515625
2023-06-14,974.3653564453125,766.8653564453125,909.4281005859375,371.1457824707031
2023-06-15,973.8171997070312,757.4336547851562,896.6546630859375,364.9456481933594
2023-06-16,978.2021484375,767.3440551757812,904.009033203125,369.7027587890625
2023-06-19,962.3564453125,768.0144653320312,893.316162109375,363.1641845703125
2023-06-20,971.5250854492188,769.6182861328125,895.6386108398438,367.0355529785156
2023-06-21,962.7052001953125,783.0715942382812,894.8159790039062,367.3440856933594
2023-06-22,963.3031616210938,786.9017944335938,895.8321533203125,365.463134765625
2023-06-23,955.1311645507812,786.8539428710938,893.65478515625,363.9603576660156
2023-06-26,957.2738037109375,783.0477294921875,897.4772338867188,362.845703125
2023-06-27,969.9305419921875,794.0833129882812,905.8475952148438,367.1748962402344
2023-06-28,974.8635864257812,802.4857177734375,907.1539916992188,366.348876953125
2023-06-30,984.08203125,814.574462890625,904.3960571289062,367.5431213378906
2023-07-03,978.750244140625,823.3838500976562,912.0891723632812,367.0256652832031
2023-07-04,967.3892211914062,827.4053955078125,914.1697387695312,370.5586242675781
2023-07-05,963.2034912109375,801.1211547851562,927.0398559570312,371.18560791015625
2023-07-06,977.604248046875,801.93505859375,928.3946533203125,373.6636962890625
2023-07-07,974.362060546875,794.945068359375,915.8148193359375,368.9264831542969
2023-07-10,961.7422485351562,793.0538940429688,917.7501831054688,371.5936584472656
2023-07-11,950.9182739257812,789.1998291015625,914.41162109375,371.5339660644531
2023-07-12,947.7258911132812,781.8028564453125,913.87939453125,373.8229675292969
2023-07-13,957.8516235351562,785.7047729492188,924.814208984375,372.1510009765625
2023-07-14,954.7590942382812,787.3326416015625,929.0236206054688,372.01165771484375
2023-07-17,962.5403442382812,803.80224609375,937.3941040039062,377.5948486328125
2023-07-18,961.3432006835938,803.1320190429688,943.9259033203125,376.3607482910156
2023-07-19,961.9916381835938,806.7706298828125,941.9905395507812,379.49566650390625
2023-07-20,975.5592041015625,808.5181274414062,963.4247436523438,389.5075378417969
2023-07-21,968.9749145507812,802.2941284179688,964.7794799804688,392.15484619140625
2023-07-24,969.1743774414062,803.5629272460938,959.9411010742188,377.6346130371094
2023-07-25,960.1959838867188,812.2764282226562,962.5538330078125,373.305419921875
2023-07-26,974.461669921875,809.45166015625,964.247314453125,377.2464599609375
2023-07-27,957.602294921875,801.04931640625,958.2476196289062,372.95709228515625
2023-07-28,947.676025390625,786.8539428710938,964.0053100585938,373.5741271972656
2023-07-31,951.6165771484375,790.5403442382812,966.0374145507812,369.5335693359375
2023-08-01,957.602294921875,795.8307495117188,962.4086303710938,368.22979736328125
2023-08-02,942.9872436523438,785.4176635742188,955.0543212890625,362.9949951171875
2023-08-03,933.3104858398438,779.7442016601562,933.8136596679688,362.9054260253906
2023-08-04,949.9705200195312,791.0191650390625,939.1359252929688,366.2421875
2023-08-07,945.1321411132812,790.5643310546875,944.1194458007812,364.857666015625
2023-08-08,950.6190185546875,789.9180297851562,948.2321166992188,364.1504821777344
2023-08-09,947.7258911132812,790.2052001953125,949.0126953125,364.8476867675781
2023-08-10,937.50048828125,783.1912841796875,940.6220703125,358.74200439453125
2023-08-11,934.95654296875,775.0283203125,929.64599609375,356.86944580078125
2023-08-14,937.699951171875,771.2461547851562,936.1829223632812,357.3973388671875
2023-08-16,930.81640625,768.995849609375,933.2071533203125,355.8236083984375
2023-08-17,934.3080444335938,764.7348022460938,928.4752807617188,351.7398681640625
2023-08-18,940.7925415039062,761.598876953125,927.4995727539062,348.7716979980469
2023-08-21,950.3197021484375,761.0004272460938,931.9387817382812,350.67413330078125
2023-08-22,954.7590942382812,757.7448120117188,928.8167724609375,351.2219543457031
2023-08-23,976.9058837890625,759.612060546875,943.3050537109375,354.5985107421875
2023-08-24,979.0008544921875,756.1170043945312,945.3539428710938,354.77777099609375
2023-08-25,980.7466430664062,747.594970703125,946.7686767578125,354.35943603515625
2023-08-28,987.8296508789062,755.3749389648438,946.9150390625,356.6503601074219
2023-08-29,978.3524169921875,761.383544921875,944.1831665039062,355.2060546875
2023-08-30,980.99609375,755.8297729492188,935.5487670898438,353.5726013183594
2023-08-31,971.169677734375,752.358642578125,935.40234375,350.35540771484375
2023-09-01,988.7774047851562,753.9146728515625,945.1100463867188,352.8155822753906
2023-09-04,979.8987426757812,758.630615234375,943.7929077148438,351.04266357421875
2023-09-05,979.1006469726562,754.0105590820312,944.8173828125,352.8056335449219
2023-09-06,962.7399291992188,763.873046875,934.1828002929688,352.6562194824219
2023-09-07,975.8584594726562,771.22216796875,942.1343383789062,356.38140869140625
2023-09-08,977.9533081054688,777.2306518554688,946.9150390625,357.21807861328125
2023-09-11,998.0053100585938,781.2523803710938,954.427490234375,360.1463928222656
2023-09-12,998.5040283203125,783.694091796875,966.379150390625,360.8038024902344
2023-09-13,1012.0216674804688,787.04541015625,965.6962890625,363.4731750488281
2023-09-14,1018.4561767578125,786.5665893554688,963.6473999023438,362.8655700683594
2023-09-15,1024.6912841796875,795.5914306640625,968.28173828125,361.3416442871094
2023-09-18,1022.2970581054688,779.9357299804688,966.0864868164062,358.2439880371094
2023-09-20,1024.8409423828125,748.6482543945312,963.1107177734375,356.4710693359375
2023-09-21,1012.0216674804688,743.6929931640625,935.93896484375,349.7478332519531
2023-09-22,1015.8125610351562,732.3462524414062,927.1581420898438,349.897216796875
2023-09-25,1016.5109252929688,732.9925537109375,933.0607299804688,355.4650573730469
2023-09-26,1011.7223510742188,736.1763916015625,925.5971069335938,351.421142578125
2023-09-27,1022.7459106445312,731.0056762695312,920.1334838867188,351.6303405761719
2023-09-28,1028.4322509765625,729.49755859375,919.6455688476562,345.2656555175781
2023-09-29,1034.21826171875,730.7423706054688,928.7191772460938,345.763671875
2023-10-03,1038.5579833984375,722.0049438476562,917.4016723632812,344.04052734375
2023-10-04,993.1668701171875,732.2984008789062,907.4012451171875,343.0444641113281
2023-10-05,1000.8484497070312,735.2667236328125,917.938232421875,345.4748229980469
2023-10-06,998.553955078125,734.4528198242188,922.182373046875,347.3971862792969
2023-10-09,993.8651733398438,725.9307861328125,915.7431030273438,342.49664306640625
2023-10-10,1009.8268432617188,730.048095703125,928.0362548828125,349.8275146484375
2023-10-11,1016.6605224609375,737.1099853515625,929.889892578125,352.8753356933594
2023-10-12,1016.0120849609375,742.017333984375,931.0119018554688,351.3713073730469
2023-10-13,991.6704711914062,735.2667236328125,928.1337890625,351.0028076171875
2023-10-16,1002.3947143554688,732.3223266601562,928.2313842773438,348.56256103515625
2023-10-17,1005.6369018554688,737.8759765625,930.6704711914062,352.90521240234375
2023-10-18,990.4733276367188,727.6065063476562,920.767578125,349.28961181640625
2023-10-19,989.0267944335938,725.3082885742188,912.9624633789062,346.3114929199219
2023-10-20,978.0032958984375,729.0667114257812,910.0355224609375,352.51678466796875
2023-10-23,961.9916381835938,721.04736328125,907.3037109375,346.7696533203125
2023-10-25,953.1629028320312,716.47509765625,893.7909545898438,344.2397155761719
2023-10-26,969.7230834960938,700.6278686523438,886.5224609375,337.6260681152344
2023-10-27,1000.349609375,703.3807983398438,890.5225830078125,339.1898193359375
2023-10-30,986.8320922851562,711.0172119140625,902.3766479492188,342.13812255859375
2023-10-31,979.4996948242188,706.8997802734375,893.0592041015625,346.5007629394531
2023-11-01,969.4736938476562,705.9421997070312,891.7909545898438,343.51263427734375
2023-11-02,980.5970458984375,707.0194702148438,897.5472412109375,346.1620788574219
2023-11-03,986.4828491210938,710.370849609375,911.0599365234375,345.2756042480469
2023-11-06,1006.9837036132812,715.517578125,922.42626953125,346.6601257324219
2023-11-07,1018.4561767578125,712.0464477539062,925.0116577148438,348.861328125
2023-11-08,1019.2542724609375,714.105224609375,912.9624633789062,347.8653259277344
2023-11-09,1019.4537963867188,711.2805786132812,914.5234375,347.6063232421875
2023-11-10,1026.736328125,714.0813598632812,915.7431030273438,347.7059326171875
2023-11-13,1022.8955688476562,712.7886962890625,911.694091796875,348.2537841796875
2023-11-15,1038.8572998046875,720.25732421875,918.18212890625,352.49688720703125
2023-11-16,1023.8931274414062,722.1484985351562,913.2063598632812,353.1642150878906
2023-11-17,991.9697265625,720.5924682617188,899.4009399414062,351.5207824707031
2023-11-20,986.333251953125,720.6403198242188,899.0107421875,352.7060241699219
2023-11-21,989.42578125,726.7446899414062,903.5474243164062,352.0386657714844
2023-11-22,995.7107543945312,724.159423828125,900.279052734375,347.74578857421875
2023-11-23,996.6585083007812,728.3485717773438,900.52294921875,346.4808044433594
2023-11-24,1006.0859375,733.5191650390625,906.76708984375,347.4170837402344
2023-11-28,1018.7056274414062,731.8674926757812,902.9620971679688,347.0684814453125
2023-11-29,1057.6123046875,746.4698486328125,916.7186889648438,349.2995910644531
2023-11-30,1071.678466796875,746.3023071289062,912.1819458007812,349.6980285644531
2023-12-01,1102.0057373046875,744.6744995117188,923.6458740234375,348.7119445800781
2023-12-04,1122.905517578125,770.5279541015625,967.0621337890625,362.2679748535156
2023-12-05,1129.739013671875,777.3742065429688,988.7703247070312,364.2401123046875
2023-12-06,1117.8177490234375,779.3372192382812,978.8187255859375,362.835693359375
2023-12-07,1115.1741943359375,780.60595703125,974.6721801757812,363.9213562011719
2023-12-08,1128.4920654296875,791.4978637695312,986.2335815429688,366.232177734375
2023-12-11,1113.827392578125,790.4446411132812,992.3313598632812,367.3477478027344
2023-12-12,1128.292724609375,782.5928344726562,990.9655151367188,363.42333984375
2023-12-13,1112.1812744140625,780.8214111328125,989.2093505859375,363.7919006347656
2023-12-14,1117.767822265625,790.0377197265625,1008.4784545898438,369.29998779296875
2023-12-15,1117.6680908203125,793.101806640625,1012.1370849609375,368.6525573730469
2023-12-18,1108.689697265625,792.69482421875,996.5755004882812,367.92547607421875
2023-12-19,1117.568359375,791.3543090820312,990.7216186523438,367.84576416015625
2023-12-20,1107.5924072265625,793.3171997070312,982.1358642578125,363.8516540527344
2023-12-21,1092.7779541015625,807.53662109375,979.9407348632812,369.0708923339844
2023-12-22,1085.69482421875,799.9481811523438,970.0866088867188,370.6247253417969
2023-12-26,1091.630615234375,805.5018310546875,970.8671264648438,375.8738098144531
2023-12-27,1103.70166015625,815.484130859375,977.8430786132812,378.9615173339844
2023-12-28,1105.197998046875,816.417724609375,981.4041748046875,382.7464294433594
2023-12-29,1099.661376953125,818.3328247070312,972.3306274414062,380.1069641113281
2024-01-01,1095.072265625,812.9945678710938,975.0624389648438,380.3161315917969
2024-01-02,1090.633056640625,813.4733276367188,958.330078125,371.5310974121094
2024-01-03,1095.9700927734375,800.9296875,960.0862426757812,371.7004089355469
2024-01-04,1120.7109375,809.5235595703125,963.1107177734375,371.24224853515625
2024-01-05,1134.2283935546875,805.3822021484375,969.5012817382812,368.0549011230469
2024-01-08,1119.3140869140625,796.4052734375,958.086181640625,363.7720031738281
2024-01-09,1113.8773193359375,790.2052001953125,955.8909301757812,363.88153076171875
2024-01-10,1104.3499755859375,792.8145141601562,968.8670654296875,362.7161865234375
2024-01-11,1123.05517578125,789.4871215820312,967.0133666992188,363.12457275390625
2024-01-12,1117.6680908203125,785.7526245117188,979.0626220703125,365.1962890625
2024-01-15,1116.8201904296875,800.8818359375,985.2579956054688,368.8318176269531
2024-01-16,1116.421142578125,803.9219360351562,984.4774169921875,368.1346435546875
2024-01-17,1079.709228515625,736.1045532226562,957.8422241210938,354.518798828125
2024-01-18,1094.872802734375,711.5198364257812,962.3302001953125,354.04071044921875
2024-01-19,1113.8773193359375,704.0989990234375,974.8673095703125,351.4609680175781
2024-01-23,1086.642578125,683.3683471679688,1003.9904174804688,355.4849548339844
2024-01-24,1056.6146240234375,697.0371704101562,974.8673095703125,356.3017272949219
2024-01-25,1039.7550048828125,686.9830932617188,985.3555297851562,352.2777404785156
2024-01-29,1058.7095947265625,696.438720703125,991.6484985351562,363.134521484375
2024-01-30,1051.57666015625,691.4834594726562,992.1362915039062,363.27398681640625
2024-01-31,1065.194091796875,700.2210083007812,1003.1123657226562,363.6026306152344
2024-02-01,1081.6546630859375,702.040283203125,1000.1853637695312,363.1046142578125
2024-02-02,1064.4957275390625,692.3692016601562,999.0633544921875,363.14447021484375
2024-02-05,1058.958984375,691.7467651367188,998.5755615234375,360.236083984375
2024-02-06,1047.5364990234375,691.3876953125,1001.4049072265625,355.98297119140625
2024-02-07,1066.5408935546875,684.6130981445312,997.2584228515625,357.0985412597656
2024-02-08,1033.4202880859375,671.7343139648438,965.2083740234375,344.56842041015625
2024-02-09,1048.8831787109375,671.9976196289062,986.0872802734375,347.1083068847656
2024-02-12,1044.1943359375,665.4864501953125,971.8427734375,340.5544128417969
2024-02-13,1068.1868896484375,667.6168823242188,994.9656372070312,346.0525207519531
2024-02-14,1094.224365234375,662.6378173828125,997.7951049804688,348.4031677246094
2024-02-15,1069.6334228515625,677.0007934570312,991.8923950195312,346.4708557128906
2024-02-16,1066.191650390625,679.8015747070312,998.3316650390625,345.67401123046875
2024-02-19,1060.405517578125,678.4609985351562,1018.33251953125,344.9070739746094
2024-02-20,1085.994140625,696.2711181640625,1023.210693359375,351.1024169921875
2024-02-21,1081.6046142578125,689.0177612304688,1026.3326416015625,347.8354187011719
2024-02-22,1098.2646484375,679.6339721679688,1036.8209228515625,343.5823669433594
2024-02-23,1094.174560546875,680.1366577148438,1035.455078125,343.43292236328125
2024-02-26,1082.602294921875,680.9506225585938,1028.5279541015625,339.906982421875
2024-02-27,1076.467041015625,679.9212646484375,1034.3818359375,339.99664306640625
2024-02-28,1071.6285400390625,674.7744750976562,1020.72265625,335.3849792480469
2024-02-29,1072.5264892578125,671.9019165039062,1026.57666015625,336.55035400390625
2024-03-01,1096.61865234375,684.9961547851562,1060.431640625,344.1700439453125
2024-03-04,1104.1007080078125,685.9296875,1065.7489013671875,344.0704040527344
2024-03-05,1098.1650390625,689.8317260742188,1061.5537109375,341.779541015625
2024-03-06,1122.306884765625,690.6695556640625,1070.3831787109375,350.5545959472656
2024-03-07,1108.789306640625,692.34521484375,1061.4559326171875,348.2238464355469
2024-03-11,1102.45458984375,683.5838623046875,1052.4312744140625,344.5584716796875
2024-03-12,1094.3740234375,698.78466796875,1050.6263427734375,342.705810546875
2024-03-13,1077.813720703125,699.191650390625,1057.553466796875,344.5385437011719
2024-03-14,1055.7166748046875,696.8217163085938,1057.2120361328125,347.0983581542969
2024-03-15,1043.8951416015625,695.481201171875,1054.041015625,346.2816162109375
2024-03-18,1058.809326171875,692.3213500976562,1054.8704833984375,346.2019348144531
2024-03-19,1048.28466796875,693.9011840820312,1057.553466796875,348.5425720214844
2024-03-20,1032.2730712890625,685.1398315429688,1058.090087890625,351.68011474609375
2024-03-21,1033.1209716796875,692.1776733398438,1055.4559326171875,353.0247802734375
2024-03-22,1030.8265380859375,690.7891845703125,1063.7489013671875,353.87139892578125
2024-03-26,1038.0592041015625,682.4347534179688,1057.3094482421875,349.3493957519531
2024-03-27,1050.3297119140625,689.7598876953125,1057.3582763671875,353.7120361328125
2024-03-28,1044.6932373046875,693.2069702148438,1066.67578125,355.6841735839844
2024-04-01,1050.5789794921875,704.0271606445312,1072.8712158203125,356.7200927734375
2024-04-02,1044.6932373046875,708.6472778320312,1054.8704833984375,350.08648681640625
2024-04-03,1060.7047119140625,709.6766357421875,1050.9677734375,344.8572998046875
2024-04-04,1060.405517578125,731.3648071289062,1052.5775146484375,348.4429931640625
2024-04-05,1056.564697265625,741.8737182617188,1057.016845703125,355.6144714355469
2024-04-08,1073.4742431640625,740.4613037109375,1060.6756591796875,356.2618713378906
2024-04-09,1077.4146728515625,741.39501953125,1080.0909423828125,354.7080383300781
2024-04-10,1085.1961669921875,735.5540161132812,1082.3836669921875,363.7420959472656
2024-04-12,1070.88037109375,727.223388671875,1077.5054931640625,361.17230224609375
2024-04-15,1055.41748046875,715.6133422851562,1052.0897216796875,358.20416259765625
2024-04-16,1049.382080078125,722.5794067382812,1041.06494140625,357.0985412597656
2024-04-18,1021.5487670898438,715.6133422851562,1029.7474365234375,355.9331970214844
2024-04-19,1026.636474609375,733.13623046875,1041.2601318359375,357.1085205078125
2024-04-22,1051.427001953125,723.9917602539062,1060.187744140625,360.5548095703125
2024-04-23,1053.2227783203125,721.7894287109375,1063.699951171875,361.17230224609375
2024-04-24,1060.7047119140625,723.7523193359375,1070.0418701171875,367.0987243652344
2024-04-25,1124.30224609375,723.2975463867188,1086.627685546875,327.1875915527344
2024-04-26,1127.5943603515625,722.8427124023438,1080.9202880859375,320.424560546875
2024-04-29,1156.4749755859375,732.2744750976562,1131.89794921875,326.7792053222656
2024-04-30,1163.109130859375,727.7739868164062,1122.38525390625,323.5022888183594
2024-05-02,1147.0975341796875,733.591064453125,1111.7017822265625,313.8805847167969
2024-05-03,1138.7674560546875,727.5346069335938,1114.2386474609375,308.1134948730469
2024-05-06,1140.912353515625,728.994873046875,1118.3851318359375,323.5719909667969
2024-05-07,1125.00048828125,721.09521484375,1104.3358154296875,327.4764709472656
2024-05-08,1125.9482421875,709.8441772460938,1095.6524658203125,328.3629455566406
2024-05-09,1112.9793701171875,693.0155029296875,1088.5302734375,327.3171081542969
2024-05-10,1117.418701171875,697.820068359375,1089.847412109375,324.2991027832031
2024-05-13,1129.290283203125,706.2400512695312,1100.53076171875,326.9385681152344
2024-05-14,1120.1622314453125,709.0062866210938,1093.2623291015625,327.95458984375
2024-05-15,1125.3497314453125,698.1111450195312,1096.9696044921875,328.85101318359375
2024-05-16,1136.57275390625,708.6665649414062,1103.5064697265625,333.0841369628906
2024-05-17,1138.6177978515625,710.5350341796875,1102.9698486328125,337.9647216796875
2024-05-21,1134.9267578125,707.9629516601562,1093.6524658203125,338.3033447265625
2024-05-22,1123.3045654296875,708.1570434570312,1084.042236328125,338.5623474121094
2024-05-23,1162.460693359375,724.3662109375,1106.87255859375,340.4548034667969
2024-05-24,1171.189697265625,736.3046875,1104.384521484375,339.3392639160156
2024-05-27,1184.1585693359375,741.4004516601562,1102.2869873046875,340.8432922363281
2024-05-28,1180.5672607421875,742.75927734375,1099.5062255859375,339.37908935546875
2024-05-29,1156.9737548828125,731.9855346679688,1075.1639404296875,336.23162841796875
2024-05-30,1165.1541748046875,735.1642456054688,1086.5789794921875,336.6798095703125
2024-05-31,1159.3681640625,743.268798828125,1093.7501220703125,334.74749755859375
2024-06-03,1220.9703369140625,762.9965209960938,1131.75146484375,342.2476501464844
2024-06-04,1128.5421142578125,719.780029296875,1045.35791015625,326.2911682128906
2024-06-05,1181.66455078125,753.0962524414062,1081.652099609375,342.25762939453125
2024-06-06,1168.14697265625,756.9301147460938,1083.359375,345.5644836425781
2024-06-07,1183.9591064453125,763.5545654296875,1094.3841552734375,349.3493957519531
2024-06-10,1197.12744140625,757.7066650390625,1096.4329833984375,347.74578857421875
2024-06-11,1191.740478515625,759.4052734375,1090.9693603515625,342.6361083984375
2024-06-12,1185.0565185546875,763.9428100585938,1092.28662109375,341.7894592285156
2024-06-13,1171.838134765625,767.1458740234375,1080.3836669921875,343.90106201171875
2024-06-14,1178.2227783203125,774.9834594726562,1078.7249755859375,342.0783386230469
2024-06-18,1189.0469970703125,780.2733764648438,1095.5062255859375,342.5165710449219
2024-06-19,1223.713623046875,804.5628662109375,1116.580078125,347.9549255371094
2024-06-20,1236.532958984375,810.143798828125,1128.62939453125,351.84942626953125
2024-06-21,1234.48779296875,808.396728515625,1130.4344482421875,353.72198486328125
2024-06-24,1225.16015625,811.6240234375,1141.60546875,353.1044616699219
2024-06-25,1268.4063720703125,830.5266723632812,1168.77734375,354.967041015625
2024-06-26,1282.322998046875,825.7463989257812,1188.339111328125,358.20416259765625
2024-06-27,1285.864501953125,823.1500244140625,1190.19287109375,364.658447265625
2024-06-28,1262.22119140625,817.156494140625,1170.3870849609375,359.0707092285156
2024-07-01,1258.8792724609375,827.5420532226562,1182.3387451171875,360.186279296875
2024-07-02,1250.399658203125,839.8687744140625,1161.6063232421875,352.51678466796875
2024-07-03,1276.9359130859375,858.334716796875,1172.3382568359375,360.7041931152344
2024-07-04,1277.8338623046875,838.1945190429688,1202.9737548828125,365.3158264160156
2024-07-05,1283.9691162109375,799.8311157226562,1203.364013671875,369.0708923339844
2024-07-08,1284.76708984375,793.6434936523438,1204.9739990234375,369.1705017089844
2024-07-09,1286.3134765625,794.2015380859375,1217.8524169921875,368.1047668457031
2024-07-10,1288.55810546875,789.1544189453125,1212.9254150390625,364.5190124511719
2024-07-11,1293.6458740234375,787.1161499023438,1208.291015625,367.4373779296875
2024-07-12,1315.160888671875,787.5043334960938,1202.876220703125,365.11663818359375
2024-07-15,1305.3267822265625,787.2131958007812,1199.9979248046875,367.2481384277344
2024-07-16,1301.8824462890625,786.07275390625,1209.7056884765625,359.62847900390625
2024-07-18,1307.2738037109375,783.6704711914062,1219.8525390625,363.9014587402344
2024-07-19,1290.2513427734375,780.03076171875,1218.2427978515625,363.2732849121094
2024-07-22,1280.41748046875,797.1376953125,1210.92529296875,350.50006103515625
2024-07-23,1261.1986083984375,785.4176025390625,1196.8759765625,352.7635498046875
2024-07-24,1237.237548828125,778.4534912109375,1193.21728515625,348.2366027832031
2024-07-25,1173.990478515625,784.5440673828125,1168.7286376953125,354.00994873046875
2024-07-26,1175.4381103515625,785.2962646484375,1177.802001953125,361.7276916503906
2024-07-29,1168.1500244140625,778.9387817382812,1183.1680908203125,357.7491760253906
2024-07-30,1168.10009765625,784.0344848632812,1179.9971923828125,356.19366455078125
2024-07-31,1164.2064208984375,784.1314697265625,1185.3145751953125,360.5411071777344
2024-08-01,1170.396484375,795.3178100585938,1180.63134765625,357.4998779296875
2024-08-02,1158.9649658203125,805.1937255859375,1167.4114990234375,359.6537170410156
2024-08-05,1131.6593017578125,784.1314697265625,1144.044677734375,353.7108459472656
2024-08-06,1124.2713623046875,777.0703125,1138.4345703125,353.09259033203125
2024-08-07,1134.9541015625,787.892578125,1143.8983154296875,354.2891540527344
2024-08-08,1136.3018798828125,797.21044921875,1136.239501953125,353.5313415527344
2024-08-09,1140.894287109375,800.8502197265625,1143.0689697265625,352.9131164550781
2024-08-12,1162.409423828125,805.65478515625,1154.09033203125,353.491455078125
2024-08-13,1157.7169189453125,778.0408935546875,1149.7113037109375,349.40325927734375
2024-08-14,1151.2275390625,780.2733764648438,1143.1181640625,348.5755920410156
2024-08-16,1164.9552001953125,792.0662841796875,1168.309814453125,354.438720703125
2024-08-19,1151.3773193359375,791.79931640625,1157.140869140625,355.24639892578125
2024-08-20,1166.1033935546875,794.7839965820312,1160.6341552734375,360.0924377441406
2024-08-21,1172.492919921875,789.0089111328125,1156.1075439453125,361.5482177734375
2024-08-22,1168.050048828125,791.6780395507812,1172.098388671875,363.2533264160156
2024-08-23,1164.056640625,788.6448364257812,1184.300537109375,362.5553283691406
2024-08-26,1168.399658203125,795.8759155273438,1193.9443359375,361.4585266113281
2024-08-27,1179.331787109375,794.8082275390625,1206.7860107421875,359.6337890625
2024-08-28,1169.0484619140625,794.4927978515625,1204.3258056640625,357.230712890625
2024-08-29,1173.4913330078125,795.1964721679688,1202.4071044921875,354.42877197265625
2024-08-30,1173.341552734375,794.395751953125,1209.590576171875,355.13671875
2024-09-02,1186.86962890625,789.5668334960938,1210.3284912109375,355.0270080566406
2024-09-03,1189.6650390625,794.6141357421875,1227.79541015625,355.7349853515625
2024-09-04,1175.78759765625,796.773681640625,1216.62646484375,355.7349853515625
2024-09-05,1178.633056640625,798.5450439453125,1216.23291015625,354.5683288574219
2024-09-06,1156.8682861328125,794.419921875,1188.8763427734375,351.8162536621094
2024-09-09,1168.94873046875,799.0546264648438,1215.298095703125,357.0013427734375
2024-09-10,1185.2720947265625,800.9230346679688,1217.5614013671875,357.2904968261719
2024-09-11,1184.1739501953125,797.7928466796875,1216.62646484375,356.8218688964844
2024-09-12,1201.3958740234375,808.8092651367188,1232.1744384765625,364.4399108886719
2024-09-13,1215.4730224609375,808.4938354492188,1230.403076171875,363.02398681640625
2024-09-16,1229.051025390625,810.9202880859375,1242.7037353515625,365.20770263671875
2024-09-17,1230.09912109375,809.876953125,1247.8699951171875,368.26885986328125
2024-09-18,1238.4356689453125,822.494873046875,1267.796875,366.88287353515625
2024-09-19,1240.6820068359375,829.1435546875,1271.388671875,373.3143615722656
2024-09-20,1242.978271484375,845.0130004882812,1317.09765625,379.8056335449219
2024-09-23,1244.775390625,854.0397338867188,1300.811767578125,385.8282775878906
2024-09-24,1237.537109375,858.04345703125,1297.5643310546875,381.83978271484375
2024-09-25,1266.0406494140625,863.406005859375,1302.7305908203125,378.4993896484375
2024-09-26,1275.0262451171875,865.5171508789062,1307.8477783203125,379.36688232421875
2024-09-27,1271.08251953125,850.5697631835938,1285.7557373046875,373.4140319824219
2024-09-30,1230.1990966796875,840.572509765625,1252.6917724609375,369.7247009277344
2024-10-01,1224.6580810546875,837.7333984375,1254.0694580078125,374.8000793457031
2024-10-03,1173.790771484375,816.282958984375,1236.307373046875,363.5125732421875
2024-10-04,1176.4864501953125,804.4658203125,1219.97216796875,360.760498046875
2024-10-07,1143.8394775390625,785.1264038085938,1214.215576171875,357.02130126953125
2024-10-08,1151.42724609375,801.2628173828125,1216.8724365234375,359.6437072753906
2024-10-09,1168.2498779296875,792.5758056640625,1224.3021240234375,359.125244140625
2024-10-10,1182.326904296875,806.7709350585938,1223.662353515625,374.1419677734375
2024-10-11,1170.546142578125,801.238525390625,1203.4893798828125,375.3983459472656
2024-10-14,1162.459228515625,819.2433471679688,1212.099853515625,381.0620422363281
2024-10-15,1151.976318359375,817.3021240234375,1235.4710693359375,377.95098876953125
2024-10-16,1151.3272705078125,824.9214477539062,1223.3179931640625,374.1918029785156
2024-10-17,1130.0120849609375,811.988037109375,1211.6077880859375,371.7388916015625
2024-10-18,1194.906494140625,816.210205078125,1244.327392578125,373.1348571777344
2024-10-21,1188.3671875,838.9466552734375,1238.9644775390625,356.8118591308594
2024-10-22,1173.8406982421875,832.0796508789062,1247.279541015625,351.6168518066406
2024-10-23,1158.5157470703125,842.3924560546875,1231.6331787109375,352.544189453125
2024-10-24,1165.454345703125,849.1138305664062,1232.764892578125,351.4273986816406
2024-10-25,1187.4185791015625,846.0806884765625,1235.4217529296875,352.7535705566406
2024-10-28,1169.697509765625,841.6158447265625,1272.2252197265625,348.9644775390625
2024-10-29,1184.9227294921875,850.1815185546875,1310.60302734375,351.028564453125
2024-10-30,1168.49951171875,841.8099365234375,1291.21728515625,345.92327880859375
2024-10-31,1157.6671142578125,842.3438720703125,1271.634765625,345.22528076171875
2024-11-01,1167.65087890625,843.1203002929688,1271.1920166015625,347.8776550292969
2024-11-04,1137.4000244140625,831.8612060546875,1256.8248291015625,344.87628173828125
2024-11-05,1169.7972412109375,853.0933227539062,1276.013671875,350.4202880859375
2024-11-06,1164.605712890625,851.83154296875,1281.5736083984375,351.50714111328125
2024-11-07,1158.0164794921875,847.6094360351562,1258.3009033203125,348.376220703125
2024-11-08,1159.064697265625,851.4432373046875,1238.7674560546875,348.1568298339844
2024-11-11,1169.0985107421875,857.1942138671875,1249.0509033203125,347.7978515625
2024-11-12,1156.2694091796875,833.8510131835938,1250.3302001953125,343.29083251953125
2024-11-13,1137.30029296875,815.9674682617188,1233.69970703125,336.6001281738281
2024-11-14,1138.84765625,821.5,1236.8978271484375,340.5986022949219
2024-11-18,1124.37109375,827.4934692382812,1233.45361328125,343.56005859375
2024-11-19,1132.1085205078125,845.5225830078125,1229.173095703125,344.55718994140625
2024-11-21,1137.30029296875,845.0130004882812,1230.60009765625,346.4218444824219
2024-11-22,1140.544921875,847.1483154296875,1257.6612548828125,351.27783203125
2024-11-25,1154.02294921875,866.560546875,1280.1959228515625,357.1210021972656
2024-11-26,1142.9410400390625,866.5363159179688,1284.132080078125,355.69512939453125
2024-11-27,1147.7830810546875,879.5181884765625,1279.9498291015625,355.6153564453125
2024-11-28,1130.6610107421875,870.224609375,1265.828857421875,350.8291320800781
2024-11-29,1134.454833984375,871.6320190429688,1279.3594970703125,352.03564453125
2024-12-02,1135.2535400390625,875.8298950195312,1283.8370361328125,349.7821350097656
2024-12-03,1158.615478515625,886.3124389648438,1287.527099609375,348.9744873046875
2024-12-04,1157.5672607421875,902.7157592773438,1295.0550537109375,350.4901123046875
2024-12-05,1164.5059814453125,905.457763671875,1315.1787109375,354.00994873046875
2024-12-06,1182.62646484375,900.6531982421875,1307.552490234375,354.36895751953125
2024-12-09,1161.361083984375,907.5203247070312,1301.2054443359375,356.2236022949219
2024-12-10,1151.776611328125,906.5982055664062,1309.225341796875,357.9087219238281
2024-12-11,1145.3870849609375,904.1716918945312,1306.3223876953125,357.9087219238281
2024-12-12,1143.7896728515625,902.3032836914062,1308.04443359375,352.7236633300781
2024-12-13,1146.28564453125,908.3695678710938,1323.44482421875,360.0924377441406
2024-12-16,1149.0311279296875,905.1907958984375,1324.6256103515625,359.8531188964844
2024-12-17,1134.4049072265625,889.6853637695312,1312.4727783203125,355.78485107421875
2024-12-18,1120.4276123046875,878.7417602539062,1293.1854248046875,354.9771728515625
2024-12-19,1107.099365234375,870.3944702148438,1266.3701171875,351.407470703125
2024-12-20,1070.109375,859.7177734375,1267.8460693359375,347.7080993652344
2024-12-23,1077.3975830078125,874.0342407226562,1276.1121826171875,348.06707763671875
2024-12-24,1077.1480712890625,872.6268920898438,1276.554931640625,348.804931640625
2024-12-26,1074.9515380859375,869.0598754882812,1276.6534423828125,349.55279541015625
2024-12-27,1075.7003173828125,872.69970703125,1286.690673828125,350.96875
2024-12-30,1068.2125244140625,862.82373046875,1273.9964599609375,347.1397705078125
2024-12-31,1062.970947265625,860.3728637695312,1261.203857421875,356.1836853027344
2025-01-01,1070.0596923828125,865.1774291992188,1263.1719970703125,356.6523132324219
2025-01-02,1084.83544921875,870.5158081054688,1270.0111083984375,366.37432861328125
2025-01-03,1083.1383056640625,848.8953857421875,1244.8687744140625,366.6734924316406
2025-01-06,1061.6732177734375,830.1141357421875,1243.933837890625,354.9073791503906
2025-01-07,1065.7666015625,831.521484375,1258.842041015625,353.3917541503906
2025-01-08,1073.2044677734375,822.2522583007812,1243.5894775390625,352.7137145996094
2025-01-09,1060.02587890625,809.3916625976562,1242.260986328125,357.0113220214844
2025-01-10,1039.010009765625,804.0289916992188,1229.9111328125,350.2308349609375
2025-01-13,1047.5960693359375,791.4596557617188,1210.1317138671875,346.68109130859375
2025-01-14,1049.9423828125,799.1031494140625,1220.5135498046875,349.11407470703125
2025-01-15,1025.132568359375,797.38037109375,1218.4962158203125,356.89166259765625
2025-01-16,1036.314453125,801.7481689453125,1229.173095703125,360.0724792480469
2025-01-17,989.440673828125,794.3229370117188,1205.900390625,350.70947265625
2025-01-20,986.445556640625,801.35986328125,1213.2806396484375,382.9964294433594
2025-01-21,968.6245727539062,797.06494140625,1177.0677490234375,377.57208251953125
2025-01-22,957.7421875,808.5423583984375,1181.2991943359375,382.3981628417969
2025-01-23,949.505615234375,807.9843139648438,1182.5784912109375,377.88116455078125
2025-01-24,946.959716796875,800.6561889648438,1189.90966796875,376.1561279296875
2025-01-27,946.5604248046875,790.9500732421875,1208.3603515625,375.19891357421875
2025-01-28,982.202392578125,810.6534423828125,1227.00830078125,376.46527099609375
2025-01-29,981.8031005859375,814.0020141601562,1231.682373046875,382.966552734375
2025-01-30,983.1010131835938,820.8933715820312,1235.5694580078125,379.20733642578125
2025-01-31,984.4986572265625,824.4118041992188,1232.814208984375,379.16748046875
2025-02-01,996.5291748046875,820.62646484375,1235.520263671875,379.52642822265625
2025-02-03,987.7933959960938,814.3417358398438,1233.0108642578125,375.8171081542969
2025-02-04,1013.6513061523438,835.161376953125,1247.9683837890625,384.59185791015625
2025-02-05,1011.654541015625,843.363037109375,1247.476318359375,381.2514953613281
2025-02-06,1019.0425415039062,846.299072265625,1252.1014404296875,382.08905029296875
2025-02-07,1022.43701171875,840.9122314453125,1236.8487548828125,384.74139404296875
2025-02-10,1010.1070556640625,832.6619262695312,1242.4576416015625,390.9036560058594
2025-02-11,1005.7640991210938,825.6978759765625,1232.764892578125,382.6175537109375
2025-02-12,1005.2649536132812,828.3184814453125,1231.830078125,387.6729736328125
2025-02-13,1006.5628051757812,823.9022216796875,1228.976318359375,393.4263916015625
2025-02-14,995.8801879882812,822.5191040039062,1239.9976806640625,389.3581237792969
2025-02-17,991.3375854492188,833.4384765625,1231.1904296875,387.9421691894531
2025-02-18,992.5357055664062,836.2047119140625,1223.2196044921875,391.5418395996094
2025-02-19,1009.7077026367188,838.21875,1241.5228271484375,395.859375
2025-02-20,1015.5482177734375,818.7579956054688,1230.009521484375,392.9776611328125
2025-02-21,1007.3116455078125,821.378662109375,1213.2806396484375,389.48773193359375
2025-02-24,1008.4097900390625,813.9049072265625,1198.9136962890625,392.0902404785156
2025-02-25,1007.4613037109375,816.4528198242188,1204.6212158203125,392.3196105957031
2025-02-27,1015.0490112304688,825.3582153320312,1202.9482421875,388.3908996582031
2025-02-28,1013.90087890625,840.7423706054688,1184.8909912109375,379.49652099609375
2025-03-03,1005.6143188476562,825.7706909179688,1186.9573974609375,381.8198547363281
2025-03-04,1000.1732177734375,829.8715209960938,1191.0904541015625,380.4637145996094
2025-03-05,1012.802734375,820.1654052734375,1196.3057861328125,385.5091857910156
2025-03-06,1032.420654296875,820.7477416992188,1198.618408203125,383.2357482910156
2025-03-07,1035.965087890625,819.8013916015625,1195.17431640625,385.9678649902344
2025-03-10,1034.1678466796875,818.9521484375,1195.469482421875,383.2457275390625
2025-03-11,1023.9844360351562,817.9815673828125,1225.5321044921875,385.9280090332031
2025-03-12,1009.5579833984375,830.4295654296875,1224.105224609375,395.37078857421875
2025-03-13,1008.5595703125,828.2214965820312,1230.1080322265625,395.8793029785156
2025-03-17,1032.470703125,830.0656127929688,1248.755615234375,397.4747314453125
2025-03-18,1032.470703125,830.0656127929688,1248.755615234375,397.4747314453125
2025-03-19,1050.3416748046875,846.42041015625,1292.152099609375,403.14837646484375
2025-03-20,1052.637939453125,858.3831787109375,1300.6148681640625,405.96026611328125
2025-03-21,1068.4122314453125,859.15966796875,1321.6734619140625,414.6053466796875
2025-03-24,1096.067138671875,873.5489501953125,1336.4835205078125,433.97955322265625
2025-03-25,1116.7337646484375,883.958740234375,1322.263916015625,432.7530517578125
2025-03-26,1094.4698486328125,876.7277221679688,1314.58837890625,427.74749755859375
2025-03-27,1096.56640625,885.8514404296875,1315.326416015625,424.5068664550781
2025-03-28,1100.21044921875,887.2345581054688,1326.8397216796875,432.99237060546875
2025-04-01,1083.8370361328125,857.9464111328125,1297.4166259765625,427.9468994140625
2025-04-02,1082.68896484375,872.0444946289062,1310.0125732421875,429.68194580078125
2025-04-03,1088.0802001953125,871.0496215820312,1308.3397216796875,425.2945556640625
2025-04-04,1089.5279541015625,881.9447631835938,1313.998046875,425.16497802734375
2025-04-07,1046.2481689453125,853.0205078125,1267.009765625,406.3990173339844
2025-04-08,1076.099609375,858.5773315429688,1279.1627197265625,409.84906005859375
2025-04-09,1059.9261474609375,856.5632934570312,1280.04833984375,409.3605041503906
2025-04-11,1067.214111328125,876.8247680664062,1290.7252197265625,421.02685546875
2025-04-15,1110.9930419921875,905.0452270507812,1328.66015625,422.8216857910156
2025-04-16,1159.414306640625,911.4027099609375,1334.7613525390625,423.4598388671875
2025-04-17,1188.8663330078125,925.3309326171875,1384.2589111328125,436.3626708984375
2025-04-21,1221.0140380859375,935.231201171875,1387.3094482421875,446.9920654296875
2025-04-22,1214.8240966796875,952.0227661132812,1393.9024658203125,452.4563293457031
2025-04-23,1204.940185546875,933.6782836914062,1401.676513671875,444.12030029296875
2025-04-24,1205.1397705078125,930.2326049804688,1380.32275390625,443.3226013183594
2025-04-25,1164.4061279296875,927.5148315429688,1382.3892822265625,439.6133117675781
2025-04-28,1190.863037109375,931.882568359375,1406.00634765625,443.84112548828125
2025-04-29,1185.3720703125,926.3502197265625,1406.990478515625,439.7329406738281
2025-04-30,1183.07568359375,934.2120361328125,1404.2349853515625,440.3511657714844
2025-05-02,1181.4783935546875,932.7076416015625,1407.2855224609375,435.0863342285156
2025-05-05,1171.2947998046875,939.9386596679688,1406.5968017578125,415.781982421875
2025-05-06,1159.5140380859375,937.4635620117188,1408.7615966796875,413.60821533203125
2025-05-07,1159.414306640625,944.2092895507812,1412.5010986328125,417.7762451171875
2025-05-08,1170.29638671875,935.91064453125,1412.599365234375,421.3060607910156
2025-05-09,1149.230712890625,917.0807495117188,1366.742919921875,419.4114990234375
2025-05-12,1201.0465087890625,949.8388671875,1425.39208984375,427.7674255371094
2025-05-13,1191.6617431640625,933.04736328125,1407.777587890625,421.9043273925781
2025-05-14,1193.55859375,927.2236938476562,1403.44775390625,417.2776794433594
2025-05-15,1207.136474609375,938.4827880859375,1427.6553955078125,420.0696105957031
2025-05-16,1206.8370361328125,938.9195556640625,1430.8043212890625,420.4285888671875
2025-05-19,1200.8468017578125,940.8607177734375,1425.8841552734375,421.02685546875
2025-05-20,1193.858154296875,929.3104858398438,1415.25634765625,416.8189697265625
2025-05-21,1195.85498046875,935.0856323242188,1421.652587890625,413.0697937011719
2025-05-22,1186.5699462890625,931.737060546875,1419.0941162109375,411.97296142578125
2025-05-23,1208.1348876953125,938.3856201171875,1426.67138671875,418.9528503417969
2025-05-26,1213.2266845703125,941.5886840820312,1437.2989501953125,416.659423828125
2025-05-27,1193.6585693359375,934.843017578125,1423.3255615234375,414.2862854003906
2025-05-28,1192.7598876953125,933.484130859375,1430.6075439453125,413.6680603027344
2025-05-29,1199.74853515625,935.42529296875,1433.264404296875,415.1239013671875
2025-05-30,1190.263916015625,943.8696899414062,1422.7352294921875,413.7478332519531
2025-06-02,1192.46044921875,937.65771484375,1427.360107421875,411.5342102050781
2025-06-03,1179.5814208984375,934.0179443359375,1414.961181640625,407.7251892089844
2025-06-04,1169.0985107421875,942.0740356445312,1408.171142578125,408.08416748046875
2025-06-05,1157.117919921875,946.1505737304688,1431.5916748046875,406.8078308105469
2025-06-06,1192.66015625,960.2728881835938,1436.413330078125,413.4885559082031
2025-06-09,1217.9190673828125,960.3699951171875,1411.91064453125,426.4113464355469
2025-06-10,1230.798095703125,953.7698974609375,1400.200439453125,428.9839172363281
2025-06-11,1229.400390625,946.5388793945312,1408.171142578125,427.8272705078125
2025-06-12,1210.9305419921875,943.1416625976562,1402.4637451171875,424.13787841796875
2025-06-13,1203.8419189453125,930.6207885742188,1393.5089111328125,420.26904296875
2025-06-16,1213.4263916015625,939.2592163085938,1404.1365966796875,426.57086181640625
2025-06-17,1213.1268310546875,936.4444580078125,1400.4957275390625,426.13214111328125
2025-06-18,1219.0172119140625,938.5313110351562,1390.0648193359375,425.2546691894531
2025-06-19,1215.52294921875,939.2107543945312,1388.78564453125,428.046630859375
2025-06-20,1218.7176513671875,953.4786376953125,1404.33349609375,432.71319580078125
2025-06-23,1212.12841796875,945.5681762695312,1397.445068359375,435.5649719238281
2025-06-24,1219.2169189453125,951.634521484375,1401.38134765625,443.4422912597656
2025-06-25,1211.329833984375,961.0009155273438,1403.0543212890625,438.3968200683594
2025-06-26,1231.4970703125,981.1896362304688,1416.14208984375,439.51361083984375
2025-06-27,1223.110595703125,988.5982666015625,1438.87353515625,440.311279296875
2025-06-30,1197.2525634765625,982.023681640625,1422.7352294921875,431.4568176269531
2025-07-01,1171.394775390625,987.2244873046875,1409.1552734375,435.46527099609375
2025-07-02,1173.3916015625,974.418701171875,1405.0223388671875,432.5735778808594
2025-07-03,1169.1982421875,974.9583740234375,1403.1527099609375,424.0980224609375
2025-07-04,1176.6925048828125,976.037841796875,1419.782958984375,424.7361755371094
2025-07-07,1174.1944580078125,975.1055908203125,1412.7962646484375,428.72467041015625
2025-07-08,1164.501953125,981.974609375,1418.9957275390625,443.6217346191406
2025-07-09,1163.8023681640625,986.7828369140625,1409.056884765625,444.5789794921875
2025-07-10,1163.40283203125,984.3296508789062,1401.38134765625,439.49365234375
2025-07-11,1172.8955078125,973.2902221679688,1399.2164306640625,442.843994140625
2025-07-14,1171.7962646484375,972.94677734375,1400.298828125,439.49365234375
2025-07-15,1165.0015869140625,979.079833984375,1407.9744873046875,436.3626708984375
2025-07-16,1167.4996337890625,979.4722900390625,1403.6446533203125,434.6276550292969
2025-07-17,1158.90625,974.8602294921875,1396.0673828125,432.91259765625
2025-07-18,1098.452880859375,960.38623046875,1403.0543212890625,427.3621826171875
2025-07-21,1098.7525634765625,981.5330200195312,1442.4161376953125,432.2936706542969
2025-07-22,1097.15380859375,984.771240234375,1450.0916748046875,431.29541015625
2025-07-23,1103.9486083984375,993.2103881835938,1464.8524169921875,433.3318786621094
2025-07-24,1094.256103515625,988.2548217773438,1459.7353515625,427.681640625
2025-07-25,1085.262939453125,985.9922485351562,1453.5357666015625,424.18768310546875
2025-07-28,1072.7725830078125,987.9105224609375,1464.655517578125,392.6421203613281
2025-07-29,1063.3798828125,994.3539428710938,1462.4906005859375,393.86004638671875
2025-07-30,1072.472900390625,996.4197998046875,1458.751220703125,391.2644958496094
2025-07-31,1067.57666015625,992.6815795898438,1457.7672119140625,395.0379943847656
2025-08-01,1061.581298828125,989.7304077148438,1448.12353515625,397.7932434082031
2025-08-04,1067.7764892578125,979.7947387695312,1439.8575439453125,398.7116394042969
2025-08-05,1069.974853515625,972.7118530273438,1421.3575439453125,399.9095764160156
2025-08-06,1070.1746826171875,976.499267578125,1420.5703125,399.789794921875
2025-08-07,1075.37060546875,981.4671020507812,1417.322998046875,397.73333740234375
2025-08-08,1057.2845458984375,970.8920288085938,1412.9931640625,389.8669128417969
2025-08-11,1072.472900390625,981.5654296875,1413.681884765625,394.4989013671875
2025-08-12,1069.1754150390625,968.924560546875,1410.112060546875,391.1247253417969
2025-08-13,1065.178466796875,974.0399169921875,1408.922119140625,396.8548583984375
2025-08-14,1067.376708984375,979.35205078125,1415.3677978515625,394.9581298828125
2025-08-18,1081.7657470703125,985.5003662109375,1422.606689453125,399.5901184082031
2025-08-19,1082.365234375,979.35205078125,1424.29248046875,405.2803039550781
2025-08-20,1079.3675537109375,977.9256591796875,1418.64013671875,402.8045654296875
2025-08-21,1078.068603515625,979.4012451171875,1433.911376953125,402.8644714355469
2025-08-22,1070.07470703125,966.317626953125,1424.3917236328125,396.63525390625
2025-08-25,1069.1754150390625,966.0717163085938,1421.2183837890625,395.97637939453125
2025-08-26,1049.290771484375,957.5625,1404.7572021484375,392.46246337890625
2025-08-28,1051.08935546875,942.2162475585938,1387.4034423828125,388.2696838378906
2025-08-29,1044.39453125,936.1171264648438,1386.1143798828125,391.3843078613281
2025-09-01,1060.6820068359375,935.1333618164062,1399.2039794921875,393.04144287109375
2025-09-02,1055.385986328125,929.1326904296875,1382.54443359375,387.8304443359375
2025-09-03,1053.88720703125,938.9207763671875,1385.321044921875,391.3643493652344
2025-09-04,1049.590576171875,945.610107421875,1393.75,389.2679443359375
2025-09-05,1055.0863037109375,947.7251586914062,1391.0726318359375,388.4294128417969
2025-09-08,1054.6866455078125,950.2828369140625,1390.973388671875,389.3478088378906
2025-09-09,1051.3890380859375,949.4467163085938,1391.9649658203125,391.40423583984375
2025-09-10,1069.2752685546875,950.1845092773438,1392.163330078125,393.9798278808594
2025-09-11,1086.56201171875,952.0535278320312,1389.882568359375,393.7801513671875
2025-09-12,1104.4482421875,951.5617065429688,1405.847900390625,393.7801513671875
2025-09-15,1103.5489501953125,951.3157348632812,1407.5338134765625,393.4806823730469
2025-09-16,1120.3359375,951.1190185546875,1409.71533203125,403.64312744140625
2025-09-17,1125.13232421875,950.7747192382812,1407.33544921875,409.353271484375
2025-09-18,1132.1268310546875,961.0055541992188,1409.814453125,410.2117919921875
2025-09-19,1135.024658203125,951.168212890625,1390.4775390625,405.49993896484375
2025-09-22,1143.51806640625,948.5121459960938,1389.783447265625,403.64312744140625
2025-09-23,1169.8978271484375,941.6260375976562,1382.6436767578125,408.83416748046875
2025-09-24,1158.0069580078125,935.5761108398438,1371.1405029296875,405.5598449707031
2025-09-25,1165.700927734375,934.3955688476562,1364.29833984375,402.0059814453125
2025-09-26,1153.1107177734375,929.6737060546875,1348.233642578125,398.27239990234375
2025-09-29,1131.327392578125,934.8382568359375,1336.829833984375,397.6335144042969
2025-09-30,1130.7279052734375,935.5269165039062,1336.730712890625,397.8531494140625
2025-10-01,1158.6064453125,949.5450439453125,1360.530029296875,411.94879150390625
2025-10-03,1180.08984375,949.4467163085938,1353.786865234375,419.3759765625
2025-10-06,1211.865478515625,957.6116333007812,1352.001953125,428.4602966308594
2025-10-07,1185.885498046875,966.514404296875,1364.3974609375,424.6468811035156
2025-10-08,1179.690185546875,962.7762451171875,1358.8443603515625,422.83001708984375
2025-10-09,1166.5003662109375,961.2022094726562,1364.69482421875,428.1807861328125
2025-10-10,1179.4903564453125,964.9404296875,1368.7607421875,429.27886962890625
2025-10-13,1188.6832275390625,961.1038818359375,1367.8681640625,429.6781921386719
2025-10-14,1175.8931884765625,961.25146484375,1372.52880859375,429.6182861328125
2025-10-15,1168.6986083984375,962.3335571289062,1386.7093505859375,429.1790466308594
2025-10-16,1195.378173828125,978.1715698242188,1405.451416015625,440.3197937011719
2025-10-17,1199.2750244140625,986.2381591796875,1424.5899658203125,440.3996887207031
2025-10-20,1225.05517578125,986.6316528320312,1378.6771240234375,441.9969177246094
2025-10-21,1236.3465576171875,991.3043823242188,1370.4464111328125,438.6427001953125
2025-10-23,1257.8299560546875,992.386474609375,1352.2994384765625,444.35284423828125
2025-10-24,1240.9429931640625,978.5650634765625,1366.182373046875,436.6461486816406
2025-10-27,1253.133544921875,986.6316528320312,1366.083251953125,428.9794006347656
2025-10-28,1245.339599609375,987.2218627929688,1351.7044677734375,431.4151916503906
2025-10-29,1247.837646484375,991.451904296875,1358.9434814453125,429.3587341308594
2025-10-30,1237.6455078125,981.9097900390625,1351.0103759765625,426.70330810546875
2025-10-31,1231.8499755859375,971.2362670898438,1334.0533447265625,419.71539306640625
2025-11-03,1232.749267578125,976.499267578125,1335.14404296875,421.97149658203125
2025-11-04,1225.6546630859375,969.2196655273438,1325.7235107421875,418.5973205566406
2025-11-06,1227.55322265625,968.6294555664062,1309.3614501953125,415.92193603515625
2025-11-07,1221.857666015625,966.317626953125,1331.7724609375,416.940185546875
2025-11-10,1216.0621337890625,968.4818725585938,1336.730712890625,417.81866455078125
2025-11-11,1221.557861328125,975.564697265625,1346.944580078125,416.6606750488281
2025-11-12,1220.6585693359375,973.4005126953125,1347.53955078125,416.1814880371094
2025-11-13,1224.2557373046875,970.596923828125,1374.3138427734375,414.32470703125
2025-11-14,1240.6431884765625,973.4988403320312,1361.521728515625,415.22314453125
2025-11-17,1248.636962890625,980.3357543945312,1367.4715576171875,419.8551330566406
2025-11-18,1264.4249267578125,976.302490234375,1361.9183349609375,417.8985290527344
2025-11-19,1269.4210205078125,978.41748046875,1371.5372314453125,420.4541015625
2025-11-20,1284.2095947265625,992.4356689453125,1371.4381103515625,419.0165710449219
2025-11-21,1274.81689453125,981.8114013671875,1358.0509033203125,416.84033203125
2025-11-24,1268.0220947265625,982.8934936523438,1356.960205078125,416.7405090332031
2025-11-25,1265.32421875,973.6956176757812,1346.4488525390625,413.26654052734375
2025-11-26,1289.2056884765625,987.5662231445312,1363.5050048828125,420.03485107421875
2025-11-27,1286.3079833984375,993.0750732421875,1380.5611572265625,421.3126220703125
2025-11-28,1278.7137451171875,991.2059936523438,1377.189697265625,424.1477355957031
2025-12-01,1274.7169189453125,985.7954711914062,1378.478759765625,428.77972412109375
2025-12-02,1257.030517578125,973.6956176757812,1361.521728515625,427.7415466308594
2025-12-03,1269.720703125,984.2214965820312,1379.8670654296875,428.4802551269531
2025-12-04,1279.0135498046875,980.9752197265625,1375.1070556640625,426.34393310546875
2025-12-05,1281.51171875,986.9759521484375,1380.858642578125,430.23724365234375
2025-12-08,1272.8184814453125,986.7791748046875,1377.98291015625,425.58526611328125
2025-12-09,1274.916748046875,980.8768310546875,1363.7032470703125,424.8066101074219
2025-12-10,1277.6146240234375,973.6956176757812,1352.2001953125,425.16595458984375
2025-12-11,1271.7191162109375,984.0247802734375,1348.63037109375,435.28851318359375
2025-12-12,1285.10888671875,985.2052612304688,1354.5802001953125,434.5697326660156
2025-12-15,1283.8099365234375,979.89306640625,1353.786865234375,435.50811767578125
2025-12-16,1218.66015625,978.1223754882812,1354.5802001953125,435.7277526855469
2025-12-17,1223.756103515625,967.989990234375,1341.0938720703125,433.89093017578125
2025-12-18,1228.852294921875,963.7599487304688,1345.4571533203125,432.17388916015625
2025-12-19,1229.651611328125,969.465576171875,1342.7796630859375,431.1556396484375
2025-12-22,1232.2496337890625,971.6298217773438,1357.059326171875,429.1990051269531
2025-12-23,1224.0560302734375,980.3849487304688,1351.605224609375,431.7945251464844
2025-12-24,1225.35498046875,980.9752197265625,1348.43212890625,431.9941711425781
2025-12-26,1227.25341796875,975.9581909179688,1339.110595703125,432.0940246582031
2025-12-29,1231.050537109375,975.564697265625,1332.070068359375,430.9759521484375
2025-12-30,1245.039794921875,974.7777709960938,1331.276611328125,429.7979736328125
2025-12-31,1268.4217529296875,975.0728759765625,1331.67333984375,439.4613037109375
2026-01-01,1273.41796875,975.023681640625,1326.8143310546875,442.7955322265625
2026-01-02,1265.9237060546875,985.3035888671875,1344.06884765625,438.26336669921875
2026-01-05,1284.8092041015625,961.5957641601562,1360.0341796875,437.4248046875
2026-01-06,1292.802978515625,946.544677734375,1399.4022216796875,428.5401611328125
2026-01-07,1294.501708984375,933.608642578125,1415.7642822265625,428.06097412109375
2026-01-08,1285.808349609375,931.296875,1423.00341796875,425.8647766113281
2026-01-09,1271.019775390625,923.72216796875,1392.56005859375,424.62689208984375
2026-01-12,1273.218017578125,921.7055053710938,1401.286376953125,425.9246826171875
2026-01-13,1261.0274658203125,922.0989990234375,1424.9866943359375,425.7848815917969
2026-01-14,1297.7991943359375,910.3926391601562,1406.5421142578125,420.2744140625
2026-01-15,1297.7991943359375,910.3926391601562,1406.5421142578125,420.2744140625
2026-01-16,1293.20263671875,915.95068359375,1399.0057373046875,417.479248046875
2026-01-19,1306.492431640625,912.8027954101562,1369.05810546875,426.16424560546875
2026-01-20,1292.503173828125,916.049072265625,1364.29833984375,423.069580078125
2026-01-21,1283.9097900390625,905.3755493164062,1337.7222900390625,420.8733825683594
2026-01-22,1293.80224609375,903.75244140625,1334.2515869140625,425.26580810546875
2026-01-23,1257.030517578125,901.1947021484375,1332.169189453125,422.0713195800781
2026-01-27,1314.7860107421875,911.3272094726562,1350.0186767578125,407.9956359863281
2026-01-28,1318.782958984375,917.524658203125,1356.2659912109375,411.6892395019531
2026-01-29,1362.6490478515625,920.2791137695312,1372.0330810546875,411.6892395019531
2026-01-30,1369.343994140625,914.1307983398438,1343.672119140625,407.29681396484375
2026-02-02,1310.4893798828125,912.9994506835938,1341.4906005859375,407.4964904785156
2026-02-03,1355.15478515625,933.2643432617188,1378.08203125,415.0833740234375
2026-02-04,1337.6683349609375,937.5927124023438,1396.625732421875,411.63934326171875
2026-02-05,1329.5745849609375,934.248046875,1384.8251953125,408.0455322265625
2026-02-06,1340.5660400390625,925.7879638671875,1394.344970703125,421.6221008300781
2026-02-09,1340.3663330078125,922.0006103515625,1384.626953125,428.06097412109375
2026-02-10,1355.6544189453125,917.2295532226562,1394.7415771484375,428.5600891113281
2026-02-11,1346.2618408203125,912.0157470703125,1394.344970703125,428.8096618652344
2026-02-12,1338.9674072265625,905.6215209960938,1418.045166015625,425.515380859375
2026-02-13,1331.2733154296875,889.1932373046875,1402.77392578125,419.9250183105469
2026-02-16,1357.2532958984375,910.7368774414062,1399.7989501953125,424.8664855957031
2026-02-17,1356.154052734375,910.6385498046875,1395.7332763671875,423.7184753417969
2026-02-18,1375.9388427734375,909.6548461914062,1396.4273681640625,425.6152038574219
2026-02-19,1355.5545654296875,900.702880859375,1377.189697265625,415.6823425292969
2026-02-20,1367.24560546875,897.0138549804688,1382.8419189453125,420.6238098144531
2026-02-23,1385.63134765625,908.5726928710938,1387.7010498046875,429.95770263671875
2026-02-24,1386.5306396484375,895.6858520507812,1373.2230224609375,426.962890625
2026-02-25,1401.9188232421875,892.8330078125,1388.791748046875,424.2176208496094
2026-02-26,1394.424560546875,883.9794311523438,1393.155029296875,423.81829833984375
2026-02-27,1382.83349609375,873.3060302734375,1367.3724365234375,414.48443603515625
2026-03-02,1371.2425537109375,865.0918579101562,1362.5133056640625,412.3880310058594
2026-03-04,1350.2586669921875,854.5167846679688,1353.9852294921875,402.65484619140625
2026-03-05,1348.060302734375,863.4686889648438,1346.2503662109375,406.5980224609375
2026-03-06,1314.7860107421875,843.10546875,1302.419921875,399.1109313964844
2026-03-09,1287.3072509765625,827.0215454101562,1267.7125244140625,385.68414306640625
2026-03-10,1313.686767578125,835.629150390625,1300.9324951171875,391.1746520996094
2026-03-11,1254.832275390625,820.38134765625,1283.777099609375,382.5395812988281
2026-03-12,1233.5487060546875,819.2008666992188,1255.9119873046875,374.6531677246094
2026-03-13,1196.3773193359375,803.7071533203125,1244.3099365234375,366.2177429199219
2026-03-16,1213.763916015625,826.9231567382812,1262.258544921875,369.21258544921875
2026-03-17,1227.153564453125,831.5958251953125,1277.9263916015625,373.5550842285156
2026-03-18,1252.2342529296875,829.333251953125,1278.521484375,374.75299072265625
2026-03-19,1206.06982421875,785.2130126953125,1239.6490478515625,367.5155029296875
2026-03-20,1202.9722900390625,767.7518310546875,1234.9884033203125,366.117919921875
2026-03-23,1169.6978759765625,732.04248046875,1212.4781494140625,355.93548583984375
2026-03-24,1191.78076171875,752.454833984375,1240.7398681640625,366.2177429199219
2026-03-25,1221.158203125,769.5717163085938,1249.1688232421875,370.4604187011719
2026-03-27,1204.271240234375,743.8963623046875,1223.4854736328125,365.5189514160156
2026-03-30,1160.4051513671875,719.6473999023438,1195.8187255859375,352.7909240722656
2026-04-01,1192.1805419921875,730.17333984375,1202.561767578125,355.43634033203125
2026-04-02,1196.9769287109375,738.6826171875,1205.635986328125,357.38299560546875
2026-04-06,1244.34033203125,758.45556640625,1221.10546875,359.9285888671875
2026-04-07,1249.1365966796875,759.4392700195312,1235.0875244140625,362.3244934082031
2026-04-08,1331.9727783203125,802.82177734375,1298.2550048828125,379.49481201171875
2026-04-09,1317.48388671875,784.72119140625,1270.58837890625,371.259033203125
2026-04-10,1349.759033203125,797.1161499023438,1310.848876953125,373.9044494628906
2026-04-13,1352.556884765625,781.7699584960938,1339.8046875,371.259033203125
2026-04-15,1354.4554443359375,796.72265625,1336.829833984375,381.7409362792969
2026-04-16,1348.5599365234375,782.5077514648438,1334.2515869140625,378.4965515136719
2026-04-17,1358.0526123046875,786.8853759765625,1335.540771484375,382.9388732910156
2026-04-20,1353.656005859375,782.5077514648438,1344.862060546875,378.5464782714844
2026-04-21,1376.6383056640625,798.5425415039062,1376.79296875,381.4913635253906
2026-04-22,1378.536865234375,786.8853759765625,1356.166748046875,376.2005310058594
2026-04-23,1368.5445556640625,771.5883178710938,1336.730712890625,369.7616271972656
2026-04-24,1364.847412109375,772.0802001953125,1315.1129150390625,370.2108459472656
2026-04-27,1323.179443359375,776.9496459960938,1303.114013671875,376.15057373046875
2026-04-28,1288.0067138671875,769.817626953125,1281.1988525390625,377.2986145019531
2026-04-29,1295.4010009765625,766.3253784179688,1270.290771484375,381.3416442871094
2026-04-30,1267.3226318359375,759.1441650390625,1252.8380126953125,382.6393737792969
2026-05-01,1267.3226318359375,759.1441650390625,1252.8380126953125,382.6393737792969
2026-05-04,1274.1173095703125,766.7189331054688,1260.1761474609375,371.00946044921875
2026-05-05,1258.729248046875,759.734375,1240.839111328125,370.7099914550781
2026-05-06,1293.20263671875,783.58984375,1268.8033447265625,375.9509582519531
2026-05-07,1291.7037353515625,783.0979614257812,1268.3074951171875,378.7461242675781
2026-05-08,1267.3226318359375,768.145263671875,1254.226318359375,380.1436767578125
2026-05-11,1271.319580078125,751.2251586914062,1255.8128662109375,380.39324951171875
2026-05-12,1259.12890625,738.2399291992188,1229.93115234375,375.35198974609375
2026-05-13,1254.7322998046875,737.4037475585938,1225.2703857421875,376.9991149902344
2026-05-14,1253.6331787109375,757.0291748046875,1235.5833740234375,382.5395812988281
2026-05-15,1243.8408203125,755.0125122070312,1234.095947265625,386.3829345703125
2026-05-18,1236.946044921875,756.143798828125,1240.6407470703125,391.1247253417969
2026-05-19,1237.3458251953125,750.044677734375,1230.4268798828125,381.291748046875
2026-05-20,1248.8369140625,747.1427001953125,1226.9561767578125,382.5395812988281
2026-05-21,1252.334228515625,746.7984008789062,1232.41015625,380.1936340332031
2026-05-22,1284.409423828125,754.3239135742188,1253.73046875,383.4879150390625
2026-05-25,1310.189453125,774.0476684570312,1281.0006103515625,392.1729431152344
2026-05-26,1298.298828125,766.22705078125,1268.4066162109375,387.98016357421875
2026-05-27,1303.094970703125,746.3065185546875,1262.0601806640625,388.03009033203125
2026-05-28,1303.094970703125,746.3065185546875,1262.0601806640625,388.03009033203125
2026-05-29,1285.6085205078125,732.4359130859375,1245.896484375,383.537841796875
2026-06-01,1274.916748046875,730.6160278320312,1229.3360595703125,376.7495422363281
2026-06-02,1250.1358642578125,736.0757446289062,1216.3455810546875,378.3966979980469
2026-06-03,1254.232666015625,741.3878784179688,1231.6168212890625,380.3433532714844
2026-06-04,1252.334228515625,741.9288940429688,1241.2357177734375,380.8424987792969
2026-06-05,1271.319580078125,734.8952026367188,1251.548828125,376.79949951171875
2026-06-08,1267.1226806640625,726.6319580078125,1239.748291015625,376.4500732421875
2026-06-09,1291.404052734375,726.3367919921875,1264.3409423828125,381.04217529296875
2026-06-10,1313.487060546875,734.698486328125,1282.488037109375,387.4311218261719
2026-06-11,1316.284912109375,732.485107421875,1305.9898681640625,392.6720886230469
2026-06-12,1355.2548828125,759.8819580078125,1329.5909423828125,402.60491943359375
2026-06-15,1367.24560546875,764.7022094726562,1316.501220703125,405.0506896972656
2026-06-16,1364.6474609375,772.1294555664062,1323.145263671875,407.1470947265625
2026-06-17,1349.8590087890625,774.2935791015625,1325.6243896484375,403.8028564453125
2026-06-18,1359.0518798828125,786.0,1331.078369140625,402.25555419921875
2026-06-19,1356.8536376953125,779.7999877929688,1335.2431640625,398.5619201660156
2026-06-22,1357.552978515625,786.4000244140625,1341.0938720703125,401.4569091796875
2026-06-23,1362.44921875,774.6500244140625,1327.11181640625,400.957763671875
2026-06-24,1383.43310546875,793.2000122070312,1362.11669921875,405.2503662109375
2026-06-25,1376.138671875,796.2999877929688,1375.9005126953125,408.29510498046875
2026-06-26,1376.138671875,796.2999877929688,1375.9005126953125,408.29510498046875
2026-06-29,1355.7545166015625,798.9000244140625,1375.9996337890625,394.818359375
2026-06-30,1344.6629638671875,797.9500122070312,1363.7032470703125,391.573974609375
2026-07-01,1367.6451416015625,796.1500244140625,1368.264892578125,399.7598571777344
2026-07-02,1361.5499267578125,795.9000244140625,1388.2960205078125,398.61181640625
2026-07-03,1341.065673828125,801.0499877929688,1399.6007080078125,396.06622314453125
2026-07-06,1338.567626953125,829.8499755859375,1414.9710693359375,380.642822265625
2026-07-07,1339.966552734375,829.2999877929688,1402.873046875,381.04217529296875
2026-07-08,1308.4908447265625,810.2999877929688,1369.05810546875,369.462158203125
2026-07-09,1296.5999755859375,817.5499877929688,1369.1572265625,376.5
2026-07-10,1323.699951171875,824.9500122070312,1389.48583984375,376.94921875
2026-07-13,1319.4000244140625,817.9500122070312,1397.716552734375,383.987060546875
2026-07-14,1317.5999755859375,809.4000244140625,1395.9315185546875,377.9974060058594
2026-07-15,1312.300048828125,815.4500122070312,1404.3604736328125,377.7478332519531
2026-07-16,1307.5999755859375,808.2999877929688,1406.34375,376.5
2026-07-17,1328.5,819.5999755859375,1432.2257080078125,389.95001220703125
2026-07-20,1256.0,777.5999755859375,1447.99267578125,382.04998779296875
2026-07-21,1258.199951171875,761.4500122070312,1450.868408203125,385.95001220703125
2026-07-22,1238.4000244140625,753.1500244140625,1428.6556396484375,381.1499938964844
2026-07-23,1223.0,747.25,1422.606689453125,383.3500061035156
2026-07-24,1227.300048828125,742.7999877929688,1420.9208984375,384.75
2026-07-27,1227.5,739.5499877929688,1433.6138916015625,384.6499938964844
2026-07-28,1223.5,735.4000244140625,1418.8385009765625,385.29998779296875
2026-07-29,1235.4000244140625,748.2000122070312,1425.879150390625,390.20001220703125
2026-07-30,1228.9000244140625,753.9500122070312,1421.91259765625,389.3999938964844
2026-07-31,1229.5,748.1500244140625,1423.4000244140625,390.29998779296875
2026-08-03,1272.0,753.0,1460.0,397.5
2026-08-04,1261.800048828125,742.0,1454.5999755859375,398.0
2026-08-05,1253.9000244140625,735.0,1450.0999755859375,400.0
2026-08-06,1256.0,734.2999877929688,1457.5,394.0
2026-08-07,1238.0,731.0,1421.0,390.75
2026-08-10,1247.300048828125,731.0,1431.800048828125,393.5
2026-08-11,1229.800048828125,729.0,1429.5999755859375,392.8999938964844
2026-08-12,1230.0,729.0,1431.699951171875,390.5
2026-08-13,1221.800048828125,725.0,1406.800048828125,392.3999938964844
2026-08-14,1217.4000244140625,727.0,1417.0,391.1499938964844
2026-08-17,1227.300048828125,729.0,1415.300048828125,392.70001220703125
2026-08-18,1243.0,723.0,1412.0,387.6499938964844
2026-08-19,1235.0,720.0,1402.0,390.25
2026-08-20,1251.0,725.0499877929688,1411.9000244140625,397.3500061035156
2026-08-21,1245.800048828125,726.9500122070312,1420.0,402.79998779296875
2026-08-24,1236.0,729.0,1415.0,401.45001220703125
2026-08-25,1235.0,727.5,1422.699951171875,401.6000061035156
2026-08-26,1255.0,727.2000122070312,1430.0,416.70001220703125
2026-08-27,1256.0,711.0,1443.0,424.20001220703125
2026-08-28,1265.0,720.2999877929688,1422.800048828125,423.70001220703125
2026-08-31,1300.0,709.0,1454.0,419.3999938964844
2026-09-01,1258.0,711.9000244140625,1438.0,425.0
2026-09-02,1253.9000244140625,700.7999877929688,1426.5,423.5
